Date,eduroam ,tecnico-guest 
11/02/2019 14:30,0.00E+00,0.00E+00
11/02/2019 14:45,3.31E-01,NaN
11/02/2019 15:00,1.32E+00,0.00E+00
11/02/2019 15:15,1.00E+00,0.00E+00
11/02/2019 15:30,6.82E-01,0.00E+00
11/02/2019 15:45,6.50E-01,0.00E+00
11/02/2019 16:00,2.01E+00,0.00E+00
11/02/2019 16:15,4.65E+00,0.00E+00
11/02/2019 16:30,4.67E+00,0.00E+00
11/02/2019 16:45,3.02E+00,0.00E+00
11/02/2019 17:00,2.66E+00,0.00E+00
11/02/2019 17:15,7.50E+00,0.00E+00
11/02/2019 17:30,1.33E+01,0.00E+00
11/02/2019 17:45,1.33E+01,0.00E+00
11/02/2019 18:00,1.07E+01,0.00E+00
11/02/2019 18:15,7.07E+00,0.00E+00
11/02/2019 18:30,4.00E+00,6.37E-01
11/02/2019 18:45,1.03E+00,0.00E+00
11/02/2019 19:00,1.00E+00,0.00E+00
11/02/2019 19:15,3.64E-01,0.00E+00
11/02/2019 19:30,3.42E-01,0.00E+00
11/02/2019 19:45,0.00E+00,0.00E+00
11/02/2019 20:00,0.00E+00,3.17E-01
11/02/2019 20:15,0.00E+00,3.33E-01
11/02/2019 20:30,3.36E-01,0.00E+00
11/02/2019 20:45,0.00E+00,0.00E+00
11/02/2019 21:00,0.00E+00,0.00E+00
11/02/2019 21:15,0.00E+00,0.00E+00
11/02/2019 21:30,3.21E-01,0.00E+00
11/02/2019 21:45,0.00E+00,0.00E+00
11/02/2019 22:00,0.00E+00,0.00E+00
11/02/2019 22:15,0.00E+00,0.00E+00
11/02/2019 22:30,3.32E-01,0.00E+00
11/02/2019 22:45,3.33E-01,0.00E+00
11/02/2019 23:00,0.00E+00,0.00E+00
11/02/2019 23:15,0.00E+00,0.00E+00
11/02/2019 23:30,0.00E+00,0.00E+00
11/02/2019 23:45,3.02E-01,0.00E+00
12/02/2019 00:00,1.33E+00,0.00E+00
12/02/2019 00:15,1.67E+00,0.00E+00
12/02/2019 00:30,2.64E+00,0.00E+00
12/02/2019 00:45,3.00E+00,0.00E+00
12/02/2019 01:00,2.03E+00,0.00E+00
12/02/2019 01:15,6.80E-01,0.00E+00
12/02/2019 01:30,0.00E+00,0.00E+00
12/02/2019 01:45,0.00E+00,0.00E+00
12/02/2019 02:00,0.00E+00,0.00E+00
12/02/2019 02:15,0.00E+00,0.00E+00
12/02/2019 02:30,0.00E+00,0.00E+00
12/02/2019 02:45,0.00E+00,0.00E+00
12/02/2019 03:00,0.00E+00,0.00E+00
12/02/2019 03:15,3.22E-01,0.00E+00
12/02/2019 03:30,0.00E+00,0.00E+00
12/02/2019 03:45,0.00E+00,0.00E+00
12/02/2019 04:00,0.00E+00,0.00E+00
12/02/2019 04:15,0.00E+00,0.00E+00
12/02/2019 04:30,0.00E+00,0.00E+00
12/02/2019 04:45,0.00E+00,NaN
12/02/2019 05:00,0.00E+00,0.00E+00
12/02/2019 05:15,0.00E+00,0.00E+00
12/02/2019 05:30,0.00E+00,0.00E+00
12/02/2019 05:45,0.00E+00,0.00E+00
12/02/2019 06:00,0.00E+00,0.00E+00
12/02/2019 06:15,0.00E+00,0.00E+00
12/02/2019 06:30,0.00E+00,0.00E+00
12/02/2019 06:45,0.00E+00,0.00E+00
12/02/2019 07:00,0.00E+00,0.00E+00
12/02/2019 07:15,0.00E+00,0.00E+00
12/02/2019 07:30,0.00E+00,0.00E+00
12/02/2019 07:45,NaN,0.00E+00
12/02/2019 08:00,0.00E+00,0.00E+00
12/02/2019 08:15,0.00E+00,0.00E+00
12/02/2019 08:30,0.00E+00,0.00E+00
12/02/2019 08:45,0.00E+00,0.00E+00
12/02/2019 09:00,0.00E+00,0.00E+00
12/02/2019 09:15,0.00E+00,0.00E+00
12/02/2019 09:30,9.84E-01,0.00E+00
12/02/2019 09:45,0.00E+00,0.00E+00
12/02/2019 10:00,6.33E-01,0.00E+00
12/02/2019 10:15,9.83E-01,0.00E+00
12/02/2019 10:30,6.51E-01,0.00E+00
12/02/2019 10:45,1.00E+00,0.00E+00
12/02/2019 11:00,1.00E+00,0.00E+00
12/02/2019 11:15,4.12E+00,0.00E+00
12/02/2019 11:30,4.27E+00,0.00E+00
12/02/2019 11:45,4.71E+00,0.00E+00
12/02/2019 12:00,3.67E+00,0.00E+00
12/02/2019 12:15,3.33E+00,0.00E+00
12/02/2019 12:30,2.00E+00,0.00E+00
12/02/2019 12:45,3.38E-01,0.00E+00
12/02/2019 13:00,1.65E+00,0.00E+00
12/02/2019 13:15,0.00E+00,0.00E+00
12/02/2019 13:30,1.33E+00,0.00E+00
12/02/2019 13:45,1.37E+00,0.00E+00
12/02/2019 14:00,2.34E+00,0.00E+00
12/02/2019 14:15,2.33E+00,0.00E+00
12/02/2019 14:30,1.33E+00,0.00E+00
12/02/2019 14:45,1.38E+00,0.00E+00
12/02/2019 15:00,2.01E+00,0.00E+00
12/02/2019 15:15,1.00E+00,0.00E+00
12/02/2019 15:30,1.00E+00,0.00E+00
12/02/2019 15:45,4.38E-01,0.00E+00
12/02/2019 16:00,3.64E-01,0.00E+00
12/02/2019 16:15,1.03E+00,0.00E+00
12/02/2019 16:30,6.16E-01,3.46E-01
12/02/2019 16:45,1.98E+00,0.00E+00
12/02/2019 17:00,3.27E+00,0.00E+00
12/02/2019 17:15,2.33E+00,0.00E+00
12/02/2019 17:30,1.35E+00,0.00E+00
12/02/2019 17:45,2.33E+00,0.00E+00
12/02/2019 18:00,1.97E+00,0.00E+00
12/02/2019 18:15,1.66E+00,0.00E+00
12/02/2019 18:30,2.30E+00,0.00E+00
12/02/2019 18:45,6.83E-01,0.00E+00
12/02/2019 19:00,2.30E+00,0.00E+00
12/02/2019 19:15,1.00E+00,0.00E+00
12/02/2019 19:30,1.64E+00,0.00E+00
12/02/2019 19:45,4.00E-01,0.00E+00
12/02/2019 20:00,0.00E+00,0.00E+00
12/02/2019 20:15,2.92E-01,0.00E+00
12/02/2019 20:30,1.64E+00,0.00E+00
12/02/2019 20:45,6.00E-02,0.00E+00
12/02/2019 21:00,0.00E+00,3.32E-01
12/02/2019 21:15,0.00E+00,0.00E+00
12/02/2019 21:30,0.00E+00,0.00E+00
12/02/2019 21:45,0.00E+00,0.00E+00
12/02/2019 22:00,0.00E+00,0.00E+00
12/02/2019 22:15,6.38E-01,0.00E+00
12/02/2019 22:30,3.89E-02,0.00E+00
12/02/2019 22:45,0.00E+00,0.00E+00
12/02/2019 23:00,6.64E-01,0.00E+00
12/02/2019 23:15,0.00E+00,0.00E+00
12/02/2019 23:30,0.00E+00,0.00E+00
12/02/2019 23:45,0.00E+00,0.00E+00
13/02/2019 00:00,0.00E+00,5.45E-01
13/02/2019 00:15,3.74E-01,0.00E+00
13/02/2019 00:30,0.00E+00,0.00E+00
13/02/2019 00:45,0.00E+00,0.00E+00
13/02/2019 01:00,0.00E+00,0.00E+00
13/02/2019 01:15,0.00E+00,0.00E+00
13/02/2019 01:30,0.00E+00,0.00E+00
13/02/2019 01:45,0.00E+00,0.00E+00
13/02/2019 02:00,0.00E+00,0.00E+00
13/02/2019 02:15,6.52E-01,0.00E+00
13/02/2019 02:30,0.00E+00,0.00E+00
13/02/2019 02:45,0.00E+00,0.00E+00
13/02/2019 03:00,0.00E+00,0.00E+00
13/02/2019 03:15,0.00E+00,0.00E+00
13/02/2019 03:30,0.00E+00,0.00E+00
13/02/2019 03:45,0.00E+00,0.00E+00
13/02/2019 04:00,0.00E+00,0.00E+00
13/02/2019 04:15,0.00E+00,0.00E+00
13/02/2019 04:30,0.00E+00,0.00E+00
13/02/2019 04:45,0.00E+00,0.00E+00
13/02/2019 05:00,0.00E+00,0.00E+00
13/02/2019 05:15,0.00E+00,0.00E+00
13/02/2019 05:30,0.00E+00,0.00E+00
13/02/2019 05:45,NaN,0.00E+00
13/02/2019 06:00,0.00E+00,0.00E+00
13/02/2019 06:15,0.00E+00,0.00E+00
13/02/2019 06:30,0.00E+00,0.00E+00
13/02/2019 06:45,0.00E+00,0.00E+00
13/02/2019 07:00,0.00E+00,0.00E+00
13/02/2019 07:15,0.00E+00,0.00E+00
13/02/2019 07:30,0.00E+00,0.00E+00
13/02/2019 07:45,0.00E+00,0.00E+00
13/02/2019 08:00,0.00E+00,0.00E+00
13/02/2019 08:15,0.00E+00,0.00E+00
13/02/2019 08:30,0.00E+00,0.00E+00
13/02/2019 08:45,0.00E+00,0.00E+00
13/02/2019 09:00,3.61E-01,0.00E+00
13/02/2019 09:15,3.34E-01,0.00E+00
13/02/2019 09:30,0.00E+00,3.50E-01
13/02/2019 09:45,3.31E-01,0.00E+00
13/02/2019 10:00,9.96E-01,0.00E+00
13/02/2019 10:15,1.00E+00,0.00E+00
13/02/2019 10:30,6.51E-01,0.00E+00
13/02/2019 10:45,1.67E-02,0.00E+00
13/02/2019 11:00,3.33E-01,0.00E+00
13/02/2019 11:15,3.50E-01,0.00E+00
13/02/2019 11:30,6.64E-01,0.00E+00
13/02/2019 11:45,2.00E+00,0.00E+00
13/02/2019 12:00,4.33E+00,0.00E+00
13/02/2019 12:15,3.73E+00,0.00E+00
13/02/2019 12:30,2.50E+00,0.00E+00
13/02/2019 12:45,2.97E+00,3.22E-01
13/02/2019 13:00,3.31E+00,0.00E+00
13/02/2019 13:15,2.00E+00,0.00E+00
13/02/2019 13:30,1.67E+00,0.00E+00
13/02/2019 13:45,5.00E-01,0.00E+00
13/02/2019 14:00,6.67E-01,0.00E+00
13/02/2019 14:15,1.30E+00,0.00E+00
13/02/2019 14:30,1.03E+00,0.00E+00
13/02/2019 14:45,2.71E+00,0.00E+00
13/02/2019 15:00,2.36E+00,0.00E+00
13/02/2019 15:15,6.22E-02,6.67E-01
13/02/2019 15:30,0.00E+00,4.00E-02
13/02/2019 15:45,9.79E-01,0.00E+00
13/02/2019 16:00,3.66E+00,0.00E+00
13/02/2019 16:15,4.42E+00,0.00E+00
13/02/2019 16:30,2.67E+00,0.00E+00
13/02/2019 16:45,1.64E+00,0.00E+00
13/02/2019 17:00,1.65E+00,0.00E+00
13/02/2019 17:15,1.71E+00,0.00E+00
13/02/2019 17:30,2.00E+00,0.00E+00
13/02/2019 17:45,1.64E+00,0.00E+00
13/02/2019 18:00,1.03E+00,0.00E+00
13/02/2019 18:15,1.71E+00,0.00E+00
13/02/2019 18:30,1.64E+00,0.00E+00
13/02/2019 18:45,1.68E+00,0.00E+00
13/02/2019 19:00,1.67E+00,0.00E+00
13/02/2019 19:15,1.29E+00,3.78E-01
13/02/2019 19:30,1.06E+00,0.00E+00
13/02/2019 19:45,6.69E-01,0.00E+00
13/02/2019 20:00,2.50E-02,0.00E+00
13/02/2019 20:15,0.00E+00,0.00E+00
13/02/2019 20:30,3.17E-01,0.00E+00
13/02/2019 20:45,3.19E-01,0.00E+00
13/02/2019 21:00,2.99E+00,0.00E+00
13/02/2019 21:15,3.05E+00,0.00E+00
13/02/2019 21:30,NaN,NaN
13/02/2019 21:45,2.00E+00,0.00E+00
13/02/2019 22:00,2.00E+00,0.00E+00
13/02/2019 22:15,0.00E+00,0.00E+00
13/02/2019 22:30,0.00E+00,0.00E+00
13/02/2019 22:45,0.00E+00,0.00E+00
13/02/2019 23:00,0.00E+00,0.00E+00
13/02/2019 23:15,6.50E-01,0.00E+00
13/02/2019 23:30,0.00E+00,0.00E+00
13/02/2019 23:45,0.00E+00,0.00E+00
14/02/2019 00:00,3.33E-01,0.00E+00
14/02/2019 00:15,1.06E+00,0.00E+00
14/02/2019 00:30,0.00E+00,3.33E-01
14/02/2019 00:45,6.67E-01,2.22E-03
14/02/2019 01:00,0.00E+00,0.00E+00
14/02/2019 01:15,0.00E+00,0.00E+00
14/02/2019 01:30,0.00E+00,0.00E+00
14/02/2019 01:45,0.00E+00,0.00E+00
14/02/2019 02:00,0.00E+00,0.00E+00
14/02/2019 02:15,0.00E+00,0.00E+00
14/02/2019 02:30,0.00E+00,0.00E+00
14/02/2019 02:45,0.00E+00,0.00E+00
14/02/2019 03:00,0.00E+00,0.00E+00
14/02/2019 03:15,0.00E+00,0.00E+00
14/02/2019 03:30,0.00E+00,0.00E+00
14/02/2019 03:45,0.00E+00,0.00E+00
14/02/2019 04:00,0.00E+00,0.00E+00
14/02/2019 04:15,0.00E+00,0.00E+00
14/02/2019 04:30,0.00E+00,0.00E+00
14/02/2019 04:45,0.00E+00,0.00E+00
14/02/2019 05:00,0.00E+00,0.00E+00
14/02/2019 05:15,0.00E+00,0.00E+00
14/02/2019 05:30,0.00E+00,0.00E+00
14/02/2019 05:45,0.00E+00,0.00E+00
14/02/2019 06:00,0.00E+00,0.00E+00
14/02/2019 06:15,0.00E+00,0.00E+00
14/02/2019 06:30,0.00E+00,0.00E+00
14/02/2019 06:45,0.00E+00,0.00E+00
14/02/2019 07:00,0.00E+00,0.00E+00
14/02/2019 07:15,0.00E+00,0.00E+00
14/02/2019 07:30,0.00E+00,0.00E+00
14/02/2019 07:45,0.00E+00,0.00E+00
14/02/2019 08:00,0.00E+00,0.00E+00
14/02/2019 08:15,0.00E+00,0.00E+00
14/02/2019 08:30,0.00E+00,6.48E-01
14/02/2019 08:45,0.00E+00,0.00E+00
14/02/2019 09:00,0.00E+00,0.00E+00
14/02/2019 09:15,0.00E+00,0.00E+00
14/02/2019 09:30,0.00E+00,0.00E+00
14/02/2019 09:45,0.00E+00,0.00E+00
14/02/2019 10:00,5.23E-01,0.00E+00
14/02/2019 10:15,0.00E+00,0.00E+00
14/02/2019 10:30,6.60E-01,0.00E+00
14/02/2019 10:45,4.44E-03,0.00E+00
14/02/2019 11:00,0.00E+00,0.00E+00
14/02/2019 11:15,1.88E+00,0.00E+00
14/02/2019 11:30,1.79E+00,0.00E+00
14/02/2019 11:45,1.30E+00,0.00E+00
14/02/2019 12:00,1.03E+00,0.00E+00
14/02/2019 12:15,1.00E+00,0.00E+00
14/02/2019 12:30,1.97E+00,0.00E+00
14/02/2019 12:45,1.03E+00,0.00E+00
14/02/2019 13:00,1.96E+00,0.00E+00
14/02/2019 13:15,7.00E-01,0.00E+00
14/02/2019 13:30,6.00E-02,0.00E+00
14/02/2019 13:45,0.00E+00,0.00E+00
14/02/2019 14:00,6.79E-01,0.00E+00
14/02/2019 14:15,1.02E+00,0.00E+00
14/02/2019 14:30,6.56E-01,0.00E+00
14/02/2019 14:45,3.23E-01,0.00E+00
14/02/2019 15:00,3.34E-01,0.00E+00
14/02/2019 15:15,3.17E-01,0.00E+00
14/02/2019 15:30,3.32E-01,0.00E+00
14/02/2019 15:45,1.31E+00,0.00E+00
14/02/2019 16:00,6.44E-01,0.00E+00
14/02/2019 16:15,1.05E+00,0.00E+00
14/02/2019 16:30,1.37E+00,0.00E+00
14/02/2019 16:45,1.29E+00,3.32E-01
14/02/2019 17:00,7.38E-01,0.00E+00
14/02/2019 17:15,6.27E-01,0.00E+00
14/02/2019 17:30,5.00E-01,0.00E+00
14/02/2019 17:45,1.30E+00,0.00E+00
14/02/2019 18:00,1.03E+00,0.00E+00
14/02/2019 18:15,7.19E-01,0.00E+00
14/02/2019 18:30,0.00E+00,0.00E+00
14/02/2019 18:45,0.00E+00,0.00E+00
14/02/2019 19:00,0.00E+00,0.00E+00
14/02/2019 19:15,6.96E-01,0.00E+00
14/02/2019 19:30,1.02E+00,3.19E-01
14/02/2019 19:45,1.33E+00,0.00E+00
14/02/2019 20:00,3.33E-01,0.00E+00
14/02/2019 20:15,3.07E-01,1.00E+00
14/02/2019 20:30,3.89E-02,1.00E+00
14/02/2019 20:45,0.00E+00,1.00E+00
14/02/2019 21:00,0.00E+00,1.00E+00
14/02/2019 21:15,0.00E+00,1.00E+00
14/02/2019 21:30,0.00E+00,1.00E+00
14/02/2019 21:45,0.00E+00,1.00E+00
14/02/2019 22:00,0.00E+00,1.00E+00
14/02/2019 22:15,0.00E+00,1.00E+00
14/02/2019 22:30,0.00E+00,1.00E+00
14/02/2019 22:45,0.00E+00,1.00E+00
14/02/2019 23:00,0.00E+00,1.00E+00
14/02/2019 23:15,0.00E+00,1.00E+00
14/02/2019 23:30,0.00E+00,1.00E+00
14/02/2019 23:45,0.00E+00,1.00E+00
15/02/2019 00:00,0.00E+00,1.00E+00
15/02/2019 00:15,0.00E+00,1.00E+00
15/02/2019 00:30,0.00E+00,1.00E+00
15/02/2019 00:45,0.00E+00,1.00E+00
15/02/2019 01:00,0.00E+00,1.00E+00
15/02/2019 01:15,0.00E+00,1.00E+00
15/02/2019 01:30,0.00E+00,1.00E+00
15/02/2019 01:45,0.00E+00,1.00E+00
15/02/2019 02:00,0.00E+00,1.00E+00
15/02/2019 02:15,0.00E+00,1.00E+00
15/02/2019 02:30,0.00E+00,1.00E+00
15/02/2019 02:45,0.00E+00,1.00E+00
15/02/2019 03:00,3.06E-01,1.00E+00
15/02/2019 03:15,3.11E-02,1.00E+00
15/02/2019 03:30,0.00E+00,1.00E+00
15/02/2019 03:45,0.00E+00,1.00E+00
15/02/2019 04:00,0.00E+00,1.00E+00
15/02/2019 04:15,0.00E+00,1.00E+00
15/02/2019 04:30,0.00E+00,1.00E+00
15/02/2019 04:45,0.00E+00,1.00E+00
15/02/2019 05:00,0.00E+00,1.00E+00
15/02/2019 05:15,0.00E+00,1.00E+00
15/02/2019 05:30,0.00E+00,1.00E+00
15/02/2019 05:45,0.00E+00,1.00E+00
15/02/2019 06:00,0.00E+00,1.00E+00
15/02/2019 06:15,0.00E+00,1.00E+00
15/02/2019 06:30,0.00E+00,1.00E+00
15/02/2019 06:45,0.00E+00,1.00E+00
15/02/2019 07:00,0.00E+00,1.00E+00
15/02/2019 07:15,0.00E+00,1.00E+00
15/02/2019 07:30,0.00E+00,1.00E+00
15/02/2019 07:45,0.00E+00,1.00E+00
15/02/2019 08:00,0.00E+00,1.00E+00
15/02/2019 08:15,6.51E-01,1.00E+00
15/02/2019 08:30,1.67E-02,1.00E+00
15/02/2019 08:45,0.00E+00,1.00E+00
15/02/2019 09:00,0.00E+00,1.00E+00
15/02/2019 09:15,0.00E+00,1.00E+00
15/02/2019 09:30,0.00E+00,1.00E+00
15/02/2019 09:45,0.00E+00,1.00E+00
15/02/2019 10:00,9.83E-01,1.00E+00
15/02/2019 10:15,2.22E-03,1.00E+00
15/02/2019 10:30,9.57E-01,1.00E+00
15/02/2019 10:45,1.00E+00,1.00E+00
15/02/2019 11:00,6.66E-01,1.00E+00
15/02/2019 11:15,1.69E+00,1.00E+00
15/02/2019 11:30,1.34E+00,1.00E+00
15/02/2019 11:45,1.00E+00,1.00E+00
15/02/2019 12:00,1.00E+00,1.00E+00
15/02/2019 12:15,2.33E+00,1.32E+00
15/02/2019 12:30,1.64E+00,1.33E+00
15/02/2019 12:45,2.32E+00,1.00E+00
15/02/2019 13:00,1.00E+00,1.00E+00
15/02/2019 13:15,1.11E-03,1.00E+00
15/02/2019 13:30,3.30E-01,1.00E+00
15/02/2019 13:45,6.77E-01,1.00E+00
15/02/2019 14:00,9.68E-01,1.00E+00
15/02/2019 14:15,0.00E+00,1.00E+00
15/02/2019 14:30,2.56E+00,1.56E+00
15/02/2019 14:45,3.78E-01,1.00E+00
15/02/2019 15:00,1.65E+00,1.00E+00
15/02/2019 15:15,0.00E+00,NaN
15/02/2019 15:30,0.00E+00,1.00E+00
15/02/2019 15:45,1.61E+00,1.00E+00
15/02/2019 16:00,6.67E-01,1.00E+00
15/02/2019 16:15,3.33E+00,1.00E+00
15/02/2019 16:30,3.67E+00,2.00E+00
15/02/2019 16:45,4.00E+00,1.00E+00
15/02/2019 17:00,1.98E+00,1.00E+00
15/02/2019 17:15,2.36E+00,1.64E+00
15/02/2019 17:30,1.69E+00,1.04E+00
15/02/2019 17:45,1.67E+00,1.29E+00
15/02/2019 18:00,7.07E-01,1.67E+00
15/02/2019 18:15,3.31E-01,1.00E+00
15/02/2019 18:30,3.33E-03,1.00E+00
15/02/2019 18:45,6.51E-01,1.52E+00
15/02/2019 19:00,5.00E-01,1.00E+00
15/02/2019 19:15,7.29E-01,1.00E+00
15/02/2019 19:30,6.54E-01,1.33E+00
15/02/2019 19:45,0.00E+00,1.00E+00
15/02/2019 20:00,0.00E+00,1.00E+00
15/02/2019 20:15,0.00E+00,1.00E+00
15/02/2019 20:30,1.36E+00,1.00E+00
15/02/2019 20:45,1.66E+00,1.00E+00
15/02/2019 21:00,1.98E+00,1.00E+00
15/02/2019 21:15,1.36E+00,1.00E+00
15/02/2019 21:30,1.30E+00,1.00E+00
15/02/2019 21:45,1.04E+00,1.00E+00
15/02/2019 22:00,1.33E+00,1.00E+00
15/02/2019 22:15,1.00E+00,1.00E+00
15/02/2019 22:30,1.65E+00,1.00E+00
15/02/2019 22:45,7.09E-01,1.00E+00
15/02/2019 23:00,0.00E+00,1.00E+00
15/02/2019 23:15,3.02E-01,1.00E+00
15/02/2019 23:30,3.49E-01,1.00E+00
15/02/2019 23:45,3.33E-01,1.00E+00
16/02/2019 00:00,1.00E+00,1.64E+00
16/02/2019 00:15,1.00E+00,1.02E+00
16/02/2019 00:30,1.00E+00,1.00E+00
16/02/2019 00:45,1.00E+00,1.00E+00
16/02/2019 01:00,1.00E+00,1.00E+00
16/02/2019 01:15,1.00E+00,1.00E+00
16/02/2019 01:30,1.00E+00,1.00E+00
16/02/2019 01:45,1.00E+00,1.00E+00
16/02/2019 02:00,1.00E+00,1.00E+00
16/02/2019 02:15,0.00E+00,1.00E+00
16/02/2019 02:30,0.00E+00,1.00E+00
16/02/2019 02:45,0.00E+00,1.00E+00
16/02/2019 03:00,0.00E+00,1.00E+00
16/02/2019 03:15,0.00E+00,1.00E+00
16/02/2019 03:30,0.00E+00,1.00E+00
16/02/2019 03:45,0.00E+00,1.00E+00
16/02/2019 04:00,0.00E+00,1.00E+00
16/02/2019 04:15,0.00E+00,1.00E+00
16/02/2019 04:30,0.00E+00,1.00E+00
16/02/2019 04:45,0.00E+00,1.00E+00
16/02/2019 05:00,0.00E+00,1.00E+00
16/02/2019 05:15,0.00E+00,1.00E+00
16/02/2019 05:30,0.00E+00,1.00E+00
16/02/2019 05:45,0.00E+00,1.00E+00
16/02/2019 06:00,0.00E+00,1.00E+00
16/02/2019 06:15,0.00E+00,1.00E+00
16/02/2019 06:30,0.00E+00,1.00E+00
16/02/2019 06:45,0.00E+00,1.00E+00
16/02/2019 07:00,0.00E+00,1.00E+00
16/02/2019 07:15,0.00E+00,1.00E+00
16/02/2019 07:30,0.00E+00,1.00E+00
16/02/2019 07:45,0.00E+00,1.00E+00
16/02/2019 08:00,0.00E+00,1.00E+00
16/02/2019 08:15,0.00E+00,1.00E+00
16/02/2019 08:30,0.00E+00,1.00E+00
16/02/2019 08:45,0.00E+00,1.00E+00
16/02/2019 09:00,0.00E+00,1.00E+00
16/02/2019 09:15,0.00E+00,1.00E+00
16/02/2019 09:30,3.33E-01,1.00E+00
16/02/2019 09:45,1.67E-02,1.00E+00
16/02/2019 10:00,9.93E-01,1.00E+00
16/02/2019 10:15,4.00E+00,2.00E+00
16/02/2019 10:30,4.33E+00,2.00E+00
16/02/2019 10:45,4.33E+00,1.50E+00
16/02/2019 11:00,3.00E+00,1.00E+00
16/02/2019 11:15,3.67E+00,1.00E+00
16/02/2019 11:30,4.66E+00,1.00E+00
16/02/2019 11:45,5.00E+00,1.00E+00
16/02/2019 12:00,7.53E+00,1.00E+00
16/02/2019 12:15,1.92E+01,1.00E+00
16/02/2019 12:30,1.43E+01,1.33E+00
16/02/2019 12:45,1.25E+01,2.00E+00
16/02/2019 13:00,1.53E+01,1.50E+00
16/02/2019 13:15,1.27E+01,1.00E+00
16/02/2019 13:30,1.00E+01,1.00E+00
16/02/2019 13:45,8.98E+00,1.00E+00
16/02/2019 14:00,7.00E+00,1.33E+00
16/02/2019 14:15,5.33E+00,2.00E+00
16/02/2019 14:30,2.77E+00,2.00E+00
16/02/2019 14:45,7.73E+00,2.00E+00
16/02/2019 15:00,1.32E+01,2.00E+00
16/02/2019 15:15,1.82E+01,2.00E+00
16/02/2019 15:30,2.00E+01,3.00E+00
16/02/2019 15:45,2.18E+01,2.67E+00
16/02/2019 16:00,2.23E+01,2.00E+00
16/02/2019 16:15,2.00E+01,2.00E+00
16/02/2019 16:30,2.00E+01,2.00E+00
16/02/2019 16:45,2.15E+01,2.00E+00
16/02/2019 17:00,2.23E+01,2.00E+00
16/02/2019 17:15,1.70E+01,2.00E+00
16/02/2019 17:30,1.87E+01,2.00E+00
16/02/2019 17:45,1.73E+01,2.00E+00
16/02/2019 18:00,1.69E+01,2.00E+00
16/02/2019 18:15,1.90E+01,1.03E+00
16/02/2019 18:30,1.73E+01,1.34E+00
16/02/2019 18:45,1.83E+01,1.00E+00
16/02/2019 19:00,1.67E+01,1.00E+00
16/02/2019 19:15,1.63E+01,1.00E+00
16/02/2019 19:30,1.45E+01,1.00E+00
16/02/2019 19:45,1.70E+01,1.33E+00
16/02/2019 20:00,1.63E+01,1.00E+00
16/02/2019 20:15,1.90E+01,1.00E+00
16/02/2019 20:30,1.77E+01,1.34E+00
16/02/2019 20:45,2.53E+01,1.33E+00
16/02/2019 21:00,2.75E+01,1.33E+00
16/02/2019 21:15,1.72E+01,1.00E+00
16/02/2019 21:30,7.55E+00,1.00E+00
16/02/2019 21:45,5.00E+00,1.00E+00
16/02/2019 22:00,2.68E+00,1.00E+00
16/02/2019 22:15,5.32E+00,1.00E+00
16/02/2019 22:30,9.00E+00,1.00E+00
16/02/2019 22:45,7.62E+00,2.28E+00
16/02/2019 23:00,1.20E+01,2.06E+00
16/02/2019 23:15,1.50E+01,1.00E+00
16/02/2019 23:30,1.36E+01,1.33E+00
16/02/2019 23:45,1.00E+01,1.00E+00
17/02/2019 00:00,1.13E+01,1.00E+00
17/02/2019 00:15,1.30E+01,1.00E+00
17/02/2019 00:30,1.53E+01,2.00E+00
17/02/2019 00:45,1.77E+01,2.00E+00
17/02/2019 01:00,1.53E+01,1.00E+00
17/02/2019 01:15,1.46E+01,1.00E+00
17/02/2019 01:30,1.77E+01,1.00E+00
17/02/2019 01:45,1.26E+01,1.00E+00
17/02/2019 02:00,1.36E+01,1.00E+00
17/02/2019 02:15,1.13E+01,2.00E+00
17/02/2019 02:30,1.13E+01,2.00E+00
17/02/2019 02:45,1.20E+01,2.52E+00
17/02/2019 03:00,1.31E+01,2.00E+00
17/02/2019 03:15,1.23E+01,2.00E+00
17/02/2019 03:30,1.39E+01,1.67E+00
17/02/2019 03:45,1.30E+01,1.00E+00
17/02/2019 04:00,9.33E+00,1.00E+00
17/02/2019 04:15,1.36E+01,1.64E+00
17/02/2019 04:30,9.88E+00,1.04E+00
17/02/2019 04:45,5.33E+00,1.00E+00
17/02/2019 05:00,7.24E+00,1.00E+00
17/02/2019 05:15,1.07E+01,1.33E+00
17/02/2019 05:30,8.67E+00,1.33E+00
17/02/2019 05:45,7.32E+00,1.00E+00
17/02/2019 06:00,8.25E+00,1.00E+00
17/02/2019 06:15,9.68E+00,1.00E+00
17/02/2019 06:30,9.33E+00,1.64E+00
17/02/2019 06:45,8.03E+00,1.03E+00
17/02/2019 07:00,9.00E+00,1.00E+00
17/02/2019 07:15,9.32E+00,1.98E+00
17/02/2019 07:30,9.00E+00,2.00E+00
17/02/2019 07:45,1.07E+01,2.00E+00
17/02/2019 08:00,1.30E+01,2.00E+00
17/02/2019 08:15,9.78E+00,2.35E+00
17/02/2019 08:30,8.72E+00,2.67E+00
17/02/2019 08:45,8.00E+00,2.00E+00
17/02/2019 09:00,9.67E+00,2.00E+00
17/02/2019 09:15,1.17E+01,1.04E+00
17/02/2019 09:30,1.56E+01,1.00E+00
17/02/2019 09:45,1.60E+01,1.35E+00
17/02/2019 10:00,2.10E+01,1.00E+00
17/02/2019 10:15,1.77E+01,1.00E+00
17/02/2019 10:30,1.48E+01,1.00E+00
17/02/2019 10:45,8.04E+00,1.00E+00
17/02/2019 11:00,2.06E+00,1.00E+00
17/02/2019 11:15,0.00E+00,1.00E+00
17/02/2019 11:30,0.00E+00,1.00E+00
17/02/2019 11:45,0.00E+00,1.00E+00
17/02/2019 12:00,0.00E+00,1.00E+00
17/02/2019 12:15,3.61E-01,1.00E+00
17/02/2019 12:30,0.00E+00,1.00E+00
17/02/2019 12:45,0.00E+00,1.00E+00
17/02/2019 13:00,0.00E+00,1.00E+00
17/02/2019 13:15,0.00E+00,1.00E+00
17/02/2019 13:30,0.00E+00,1.00E+00
17/02/2019 13:45,0.00E+00,1.66E+00
17/02/2019 14:00,0.00E+00,1.00E+00
17/02/2019 14:15,6.33E-01,1.00E+00
17/02/2019 14:30,6.82E-01,1.00E+00
17/02/2019 14:45,0.00E+00,1.00E+00
17/02/2019 15:00,2.45E+00,1.00E+00
17/02/2019 15:15,2.33E+00,1.00E+00
17/02/2019 15:30,1.09E+00,1.00E+00
17/02/2019 15:45,6.38E-01,1.00E+00
17/02/2019 16:00,3.03E-01,1.32E+00
17/02/2019 16:15,3.00E-02,1.00E+00
17/02/2019 16:30,3.58E-01,1.00E+00
17/02/2019 16:45,0.00E+00,1.00E+00
17/02/2019 17:00,0.00E+00,1.00E+00
17/02/2019 17:15,0.00E+00,1.00E+00
17/02/2019 17:30,3.02E-01,1.00E+00
17/02/2019 17:45,3.74E-01,1.00E+00
17/02/2019 18:00,0.00E+00,1.00E+00
17/02/2019 18:15,7.09E-01,1.00E+00
17/02/2019 18:30,0.00E+00,1.00E+00
17/02/2019 18:45,0.00E+00,1.00E+00
17/02/2019 19:00,0.00E+00,1.00E+00
17/02/2019 19:15,0.00E+00,1.00E+00
17/02/2019 19:30,0.00E+00,1.00E+00
17/02/2019 19:45,3.16E-01,1.00E+00
17/02/2019 20:00,3.33E-01,1.00E+00
17/02/2019 20:15,0.00E+00,1.00E+00
17/02/2019 20:30,0.00E+00,NaN
17/02/2019 20:45,0.00E+00,1.00E+00
17/02/2019 21:00,0.00E+00,1.00E+00
17/02/2019 21:15,0.00E+00,1.00E+00
17/02/2019 21:30,0.00E+00,1.00E+00
17/02/2019 21:45,0.00E+00,1.00E+00
17/02/2019 22:00,0.00E+00,1.00E+00
17/02/2019 22:15,0.00E+00,1.00E+00
17/02/2019 22:30,0.00E+00,1.00E+00
17/02/2019 22:45,0.00E+00,1.00E+00
17/02/2019 23:00,0.00E+00,1.00E+00
17/02/2019 23:15,0.00E+00,1.00E+00
17/02/2019 23:30,0.00E+00,1.00E+00
17/02/2019 23:45,0.00E+00,1.00E+00
18/02/2019 00:00,0.00E+00,1.00E+00
18/02/2019 00:15,3.44E-01,1.00E+00
18/02/2019 00:30,0.00E+00,1.00E+00
18/02/2019 00:45,0.00E+00,1.00E+00
18/02/2019 01:00,0.00E+00,1.00E+00
18/02/2019 01:15,0.00E+00,1.00E+00
18/02/2019 01:30,0.00E+00,1.00E+00
18/02/2019 01:45,0.00E+00,1.00E+00
18/02/2019 02:00,0.00E+00,1.00E+00
18/02/2019 02:15,0.00E+00,1.00E+00
18/02/2019 02:30,0.00E+00,1.00E+00
18/02/2019 02:45,0.00E+00,1.00E+00
18/02/2019 03:00,0.00E+00,1.00E+00
18/02/2019 03:15,0.00E+00,1.00E+00
18/02/2019 03:30,0.00E+00,1.00E+00
18/02/2019 03:45,0.00E+00,1.00E+00
18/02/2019 04:00,0.00E+00,1.00E+00
18/02/2019 04:15,0.00E+00,1.00E+00
18/02/2019 04:30,0.00E+00,1.00E+00
18/02/2019 04:45,0.00E+00,1.00E+00
18/02/2019 05:00,0.00E+00,1.00E+00
18/02/2019 05:15,0.00E+00,1.00E+00
18/02/2019 05:30,0.00E+00,1.00E+00
18/02/2019 05:45,0.00E+00,1.00E+00
18/02/2019 06:00,0.00E+00,1.00E+00
18/02/2019 06:15,0.00E+00,1.00E+00
18/02/2019 06:30,0.00E+00,1.00E+00
18/02/2019 06:45,0.00E+00,1.00E+00
18/02/2019 07:00,0.00E+00,1.00E+00
18/02/2019 07:15,0.00E+00,3.49E-01
18/02/2019 07:30,0.00E+00,0.00E+00
18/02/2019 07:45,0.00E+00,0.00E+00
18/02/2019 08:00,0.00E+00,0.00E+00
18/02/2019 08:15,0.00E+00,0.00E+00
18/02/2019 08:30,0.00E+00,0.00E+00
18/02/2019 08:45,0.00E+00,0.00E+00
18/02/2019 09:00,3.33E-01,0.00E+00
18/02/2019 09:15,3.47E-01,3.48E-01
18/02/2019 09:30,9.40E-01,0.00E+00
18/02/2019 09:45,1.00E+00,0.00E+00
18/02/2019 10:00,1.67E+00,6.36E-01
18/02/2019 10:15,2.03E+01,1.00E+00
18/02/2019 10:30,2.27E+01,1.96E+00
18/02/2019 10:45,2.28E+01,2.65E+00
18/02/2019 11:00,2.10E+01,2.34E+00
18/02/2019 11:15,2.78E+01,3.61E+00
18/02/2019 11:30,2.01E+01,2.39E+00
18/02/2019 11:45,2.82E+01,2.58E+00
18/02/2019 12:00,2.63E+01,1.43E+00
18/02/2019 12:15,2.94E+01,1.00E+00
18/02/2019 12:30,2.64E+01,1.00E+00
18/02/2019 12:45,4.85E+01,1.67E+00
18/02/2019 13:00,5.74E+01,4.00E+00
18/02/2019 13:15,6.47E+01,4.00E+00
18/02/2019 13:30,6.31E+01,4.00E+00
18/02/2019 13:45,6.10E+01,3.02E+00
18/02/2019 14:00,3.27E+01,2.65E+00
18/02/2019 14:15,5.00E+00,1.98E+00
18/02/2019 14:30,7.93E+00,2.32E+00
18/02/2019 14:45,3.57E+01,2.00E+00
18/02/2019 15:00,3.70E+01,2.94E+00
18/02/2019 15:15,7.83E+01,4.02E+00
18/02/2019 15:30,9.07E+01,2.00E+00
18/02/2019 15:45,1.14E+02,2.00E+00
18/02/2019 16:00,9.90E+01,2.97E+00
18/02/2019 16:15,7.48E+01,2.00E+00
18/02/2019 16:30,4.60E+01,2.34E+00
18/02/2019 16:45,3.95E+01,2.00E+00
18/02/2019 17:00,3.80E+01,3.00E+00
18/02/2019 17:15,5.13E+01,3.48E+00
18/02/2019 17:30,3.00E+01,3.00E+00
18/02/2019 17:45,2.63E+01,2.32E+00
18/02/2019 18:00,1.70E+01,1.33E+00
18/02/2019 18:15,3.20E+01,3.00E+00
18/02/2019 18:30,3.01E+01,2.00E+00
18/02/2019 18:45,2.66E+01,2.32E+00
18/02/2019 19:00,2.44E+01,1.34E+00
18/02/2019 19:15,1.50E+01,2.00E+00
18/02/2019 19:30,1.00E+00,1.00E+00
18/02/2019 19:45,3.62E-01,1.00E+00
18/02/2019 20:00,3.21E-01,1.00E+00
18/02/2019 20:15,3.17E-01,1.00E+00
18/02/2019 20:30,3.33E-01,1.00E+00
18/02/2019 20:45,0.00E+00,1.00E+00
18/02/2019 21:00,0.00E+00,1.00E+00
18/02/2019 21:15,0.00E+00,1.00E+00
18/02/2019 21:30,9.41E-01,1.00E+00
18/02/2019 21:45,1.67E+00,1.00E+00
18/02/2019 22:00,1.33E+00,1.00E+00
18/02/2019 22:15,3.11E-02,1.00E+00
18/02/2019 22:30,0.00E+00,1.00E+00
18/02/2019 22:45,0.00E+00,1.00E+00
18/02/2019 23:00,0.00E+00,1.00E+00
18/02/2019 23:15,0.00E+00,1.00E+00
18/02/2019 23:30,0.00E+00,1.00E+00
18/02/2019 23:45,0.00E+00,1.00E+00
19/02/2019 00:00,0.00E+00,1.00E+00
19/02/2019 00:15,0.00E+00,1.00E+00
19/02/2019 00:30,0.00E+00,1.00E+00
19/02/2019 00:45,0.00E+00,1.00E+00
19/02/2019 01:00,0.00E+00,1.00E+00
19/02/2019 01:15,0.00E+00,1.00E+00
19/02/2019 01:30,0.00E+00,1.00E+00
19/02/2019 01:45,0.00E+00,1.00E+00
19/02/2019 02:00,0.00E+00,1.00E+00
19/02/2019 02:15,0.00E+00,1.00E+00
19/02/2019 02:30,0.00E+00,1.00E+00
19/02/2019 02:45,0.00E+00,1.00E+00
19/02/2019 03:00,0.00E+00,1.00E+00
19/02/2019 03:15,0.00E+00,1.00E+00
19/02/2019 03:30,0.00E+00,1.00E+00
19/02/2019 03:45,0.00E+00,1.00E+00
19/02/2019 04:00,0.00E+00,1.00E+00
19/02/2019 04:15,0.00E+00,1.00E+00
19/02/2019 04:30,0.00E+00,1.00E+00
19/02/2019 04:45,0.00E+00,1.00E+00
19/02/2019 05:00,0.00E+00,1.00E+00
19/02/2019 05:15,0.00E+00,1.00E+00
19/02/2019 05:30,0.00E+00,1.00E+00
19/02/2019 05:45,0.00E+00,1.00E+00
19/02/2019 06:00,0.00E+00,1.00E+00
19/02/2019 06:15,0.00E+00,1.00E+00
19/02/2019 06:30,0.00E+00,1.00E+00
19/02/2019 06:45,0.00E+00,1.00E+00
19/02/2019 07:00,0.00E+00,1.00E+00
19/02/2019 07:15,0.00E+00,1.00E+00
19/02/2019 07:30,0.00E+00,1.00E+00
19/02/2019 07:45,0.00E+00,1.00E+00
19/02/2019 08:00,0.00E+00,1.00E+00
19/02/2019 08:15,0.00E+00,1.00E+00
19/02/2019 08:30,0.00E+00,1.66E+00
19/02/2019 08:45,0.00E+00,1.33E+00
19/02/2019 09:00,3.15E+00,1.00E+00
19/02/2019 09:15,4.12E+00,1.00E+00
19/02/2019 09:30,3.16E+00,1.00E+00
19/02/2019 09:45,3.61E-01,1.00E+00
19/02/2019 10:00,1.94E+00,1.00E+00
19/02/2019 10:15,4.21E+00,1.00E+00
19/02/2019 10:30,5.49E+00,1.00E+00
19/02/2019 10:45,1.02E+01,1.00E+00
19/02/2019 11:00,1.63E+01,1.00E+00
19/02/2019 11:15,2.60E+01,1.33E+00
19/02/2019 11:30,4.53E+01,1.00E+00
19/02/2019 11:45,4.56E+01,1.00E+00
19/02/2019 12:00,4.60E+01,1.00E+00
19/02/2019 12:15,5.55E+01,1.00E+00
19/02/2019 12:30,5.96E+01,1.00E+00
19/02/2019 12:45,3.31E+01,1.00E+00
19/02/2019 13:00,1.84E+01,2.00E+00
19/02/2019 13:15,2.23E+01,2.00E+00
19/02/2019 13:30,2.07E+01,1.35E+00
19/02/2019 13:45,1.33E+01,1.00E+00
19/02/2019 14:00,8.80E+00,1.00E+00
19/02/2019 14:15,4.04E+00,1.00E+00
19/02/2019 14:30,3.30E+00,1.34E+00
19/02/2019 14:45,1.42E+01,1.32E+00
19/02/2019 15:00,1.93E+01,NaN
19/02/2019 15:15,2.63E+01,1.00E+00
19/02/2019 15:30,2.17E+01,1.32E+00
19/02/2019 15:45,2.70E+01,1.00E+00
19/02/2019 16:00,3.46E+01,1.00E+00
19/02/2019 16:15,3.40E+01,1.00E+00
19/02/2019 16:30,3.41E+01,1.00E+00
19/02/2019 16:45,3.81E+01,2.32E+00
19/02/2019 17:00,3.70E+01,1.00E+00
19/02/2019 17:15,3.04E+01,1.00E+00
19/02/2019 17:30,4.13E+01,1.00E+00
19/02/2019 17:45,5.33E+01,1.33E+00
19/02/2019 18:00,5.17E+01,1.33E+00
19/02/2019 18:15,4.07E+01,1.00E+00
19/02/2019 18:30,3.63E+01,1.00E+00
19/02/2019 18:45,3.00E+01,1.00E+00
19/02/2019 19:00,2.23E+01,1.00E+00
19/02/2019 19:15,7.18E+00,1.00E+00
19/02/2019 19:30,4.67E+00,1.00E+00
19/02/2019 19:45,2.79E+00,1.00E+00
19/02/2019 20:00,3.62E-01,1.00E+00
19/02/2019 20:15,0.00E+00,1.00E+00
19/02/2019 20:30,0.00E+00,1.00E+00
19/02/2019 20:45,0.00E+00,1.00E+00
19/02/2019 21:00,3.02E-01,1.00E+00
19/02/2019 21:15,2.22E-03,1.00E+00
19/02/2019 21:30,0.00E+00,1.00E+00
19/02/2019 21:45,0.00E+00,1.00E+00
19/02/2019 22:00,0.00E+00,1.00E+00
19/02/2019 22:15,0.00E+00,1.00E+00
19/02/2019 22:30,0.00E+00,1.00E+00
19/02/2019 22:45,0.00E+00,1.00E+00
19/02/2019 23:00,0.00E+00,1.00E+00
19/02/2019 23:15,0.00E+00,1.00E+00
19/02/2019 23:30,0.00E+00,1.00E+00
19/02/2019 23:45,3.16E-01,1.00E+00
20/02/2019 00:00,1.56E-02,1.00E+00
20/02/2019 00:15,0.00E+00,1.00E+00
20/02/2019 00:30,0.00E+00,1.00E+00
20/02/2019 00:45,0.00E+00,1.00E+00
20/02/2019 01:00,0.00E+00,1.00E+00
20/02/2019 01:15,0.00E+00,1.00E+00
20/02/2019 01:30,0.00E+00,1.00E+00
20/02/2019 01:45,0.00E+00,1.00E+00
20/02/2019 02:00,0.00E+00,1.00E+00
20/02/2019 02:15,0.00E+00,1.00E+00
20/02/2019 02:30,0.00E+00,1.00E+00
20/02/2019 02:45,0.00E+00,1.00E+00
20/02/2019 03:00,0.00E+00,1.00E+00
20/02/2019 03:15,0.00E+00,1.00E+00
20/02/2019 03:30,0.00E+00,1.00E+00
20/02/2019 03:45,0.00E+00,1.00E+00
20/02/2019 04:00,0.00E+00,1.00E+00
20/02/2019 04:15,0.00E+00,1.00E+00
20/02/2019 04:30,0.00E+00,1.00E+00
20/02/2019 04:45,0.00E+00,1.00E+00
20/02/2019 05:00,0.00E+00,1.00E+00
20/02/2019 05:15,0.00E+00,1.00E+00
20/02/2019 05:30,0.00E+00,1.00E+00
20/02/2019 05:45,0.00E+00,1.00E+00
20/02/2019 06:00,0.00E+00,1.00E+00
20/02/2019 06:15,0.00E+00,1.00E+00
20/02/2019 06:30,0.00E+00,1.00E+00
20/02/2019 06:45,0.00E+00,1.00E+00
20/02/2019 07:00,0.00E+00,1.00E+00
20/02/2019 07:15,0.00E+00,1.00E+00
20/02/2019 07:30,0.00E+00,1.00E+00
20/02/2019 07:45,0.00E+00,1.00E+00
20/02/2019 08:00,0.00E+00,1.00E+00
20/02/2019 08:15,0.00E+00,1.00E+00
20/02/2019 08:30,9.99E-01,1.00E+00
20/02/2019 08:45,1.33E+00,1.00E+00
20/02/2019 09:00,2.50E+00,1.00E+00
20/02/2019 09:15,8.67E+00,1.65E+00
20/02/2019 09:30,1.37E+01,2.00E+00
20/02/2019 09:45,1.23E+01,2.00E+00
20/02/2019 10:00,1.30E+01,2.65E+00
20/02/2019 10:15,2.02E+01,2.35E+00
20/02/2019 10:30,1.36E+01,2.33E+00
20/02/2019 10:45,1.86E+01,2.00E+00
20/02/2019 11:00,1.37E+01,2.32E+00
20/02/2019 11:15,1.23E+01,5.00E+00
20/02/2019 11:30,1.36E+01,5.68E+00
20/02/2019 11:45,1.30E+01,5.72E+00
20/02/2019 12:00,1.89E+01,2.14E+00
20/02/2019 12:15,4.20E+01,2.00E+00
20/02/2019 12:30,4.93E+01,6.69E-01
20/02/2019 12:45,4.34E+01,0.00E+00
20/02/2019 13:00,4.16E+01,0.00E+00
20/02/2019 13:15,2.40E+01,3.23E-01
20/02/2019 13:30,4.40E+00,0.00E+00
20/02/2019 13:45,6.99E+00,0.00E+00
20/02/2019 14:00,3.00E+00,0.00E+00
20/02/2019 14:15,5.69E+00,0.00E+00
20/02/2019 14:30,8.67E+00,0.00E+00
20/02/2019 14:45,2.45E+01,1.63E+00
20/02/2019 15:00,3.02E+01,1.67E+00
20/02/2019 15:15,4.60E+01,1.03E+00
20/02/2019 15:30,NaN,2.00E+00
20/02/2019 15:45,4.60E+01,1.35E+00
20/02/2019 16:00,5.04E+01,1.68E+00
20/02/2019 16:15,2.34E+01,1.33E+00
20/02/2019 16:30,1.70E+01,0.00E+00
20/02/2019 16:45,1.90E+01,6.67E-01
20/02/2019 17:00,2.17E+01,3.33E-01
20/02/2019 17:15,3.53E+01,2.70E+00
20/02/2019 17:30,3.27E+01,1.35E+00
20/02/2019 17:45,3.37E+01,1.00E+00
20/02/2019 18:00,4.36E+01,1.00E+00
20/02/2019 18:15,6.00E+01,3.00E+00
20/02/2019 18:30,4.66E+01,6.97E-01
20/02/2019 18:45,3.63E+01,9.98E-01
20/02/2019 19:00,3.98E+01,2.22E-03
20/02/2019 19:15,3.94E+01,0.00E+00
20/02/2019 19:30,1.92E+01,0.00E+00
20/02/2019 19:45,1.12E+01,3.32E-01
20/02/2019 20:00,1.37E+00,0.00E+00
20/02/2019 20:15,1.32E+00,0.00E+00
20/02/2019 20:30,0.00E+00,0.00E+00
20/02/2019 20:45,5.02E-01,0.00E+00
20/02/2019 21:00,0.00E+00,0.00E+00
20/02/2019 21:15,0.00E+00,0.00E+00
20/02/2019 21:30,3.02E-01,0.00E+00
20/02/2019 21:45,3.33E-01,0.00E+00
20/02/2019 22:00,0.00E+00,0.00E+00
20/02/2019 22:15,3.20E-01,0.00E+00
20/02/2019 22:30,0.00E+00,0.00E+00
20/02/2019 22:45,0.00E+00,0.00E+00
20/02/2019 23:00,0.00E+00,0.00E+00
20/02/2019 23:15,0.00E+00,0.00E+00
20/02/2019 23:30,0.00E+00,0.00E+00
20/02/2019 23:45,0.00E+00,0.00E+00
21/02/2019 00:00,0.00E+00,0.00E+00
21/02/2019 00:15,0.00E+00,0.00E+00
21/02/2019 00:30,0.00E+00,3.31E-01
21/02/2019 00:45,0.00E+00,3.36E-01
21/02/2019 01:00,0.00E+00,1.00E+00
21/02/2019 01:15,0.00E+00,6.82E-01
21/02/2019 01:30,0.00E+00,0.00E+00
21/02/2019 01:45,0.00E+00,0.00E+00
21/02/2019 02:00,0.00E+00,0.00E+00
21/02/2019 02:15,0.00E+00,0.00E+00
21/02/2019 02:30,0.00E+00,0.00E+00
21/02/2019 02:45,0.00E+00,0.00E+00
21/02/2019 03:00,0.00E+00,0.00E+00
21/02/2019 03:15,0.00E+00,0.00E+00
21/02/2019 03:30,0.00E+00,0.00E+00
21/02/2019 03:45,0.00E+00,0.00E+00
21/02/2019 04:00,0.00E+00,0.00E+00
21/02/2019 04:15,0.00E+00,0.00E+00
21/02/2019 04:30,0.00E+00,0.00E+00
21/02/2019 04:45,0.00E+00,0.00E+00
21/02/2019 05:00,0.00E+00,0.00E+00
21/02/2019 05:15,0.00E+00,0.00E+00
21/02/2019 05:30,0.00E+00,0.00E+00
21/02/2019 05:45,0.00E+00,0.00E+00
21/02/2019 06:00,0.00E+00,0.00E+00
21/02/2019 06:15,0.00E+00,0.00E+00
21/02/2019 06:30,0.00E+00,0.00E+00
21/02/2019 06:45,0.00E+00,0.00E+00
21/02/2019 07:00,0.00E+00,0.00E+00
21/02/2019 07:15,0.00E+00,0.00E+00
21/02/2019 07:30,0.00E+00,0.00E+00
21/02/2019 07:45,0.00E+00,0.00E+00
21/02/2019 08:00,0.00E+00,0.00E+00
21/02/2019 08:15,0.00E+00,0.00E+00
21/02/2019 08:30,0.00E+00,0.00E+00
21/02/2019 08:45,0.00E+00,0.00E+00
21/02/2019 09:00,1.91E+00,0.00E+00
21/02/2019 09:15,6.96E+00,6.64E-01
21/02/2019 09:30,1.65E+00,0.00E+00
21/02/2019 09:45,2.91E+00,0.00E+00
21/02/2019 10:00,6.52E+00,0.00E+00
21/02/2019 10:15,4.33E+00,0.00E+00
21/02/2019 10:30,9.74E+00,0.00E+00
21/02/2019 10:45,4.44E+01,1.27E+00
21/02/2019 11:00,5.30E+01,6.97E-01
21/02/2019 11:15,7.86E+01,1.30E+00
21/02/2019 11:30,8.27E+01,1.70E+00
21/02/2019 11:45,7.31E+01,6.67E-01
21/02/2019 12:00,5.07E+01,1.00E+00
21/02/2019 12:15,7.16E+01,3.00E+00
21/02/2019 12:30,9.30E+01,3.35E+00
21/02/2019 12:45,8.00E+01,5.50E+00
21/02/2019 13:00,7.23E+01,5.33E+00
21/02/2019 13:15,6.90E+01,3.67E+00
21/02/2019 13:30,6.14E+01,3.32E+00
21/02/2019 13:45,3.24E+01,3.00E+00
21/02/2019 14:00,3.05E+01,3.66E+00
21/02/2019 14:15,4.17E+01,4.33E+00
21/02/2019 14:30,5.70E+01,3.67E+00
21/02/2019 14:45,4.68E+01,2.00E+00
21/02/2019 15:00,4.37E+01,2.33E+00
21/02/2019 15:15,3.33E+01,1.67E+00
21/02/2019 15:30,2.89E+01,1.00E+00
21/02/2019 15:45,3.50E+01,1.00E+00
21/02/2019 16:00,4.30E+01,1.64E+00
21/02/2019 16:15,5.13E+01,2.98E+00
21/02/2019 16:30,4.73E+01,3.50E+00
21/02/2019 16:45,5.30E+01,2.33E+00
21/02/2019 17:00,4.53E+01,1.34E+00
21/02/2019 17:15,3.19E+01,1.33E+00
21/02/2019 17:30,3.31E+01,1.70E+00
21/02/2019 17:45,4.70E+01,1.33E+00
21/02/2019 18:00,3.24E+01,1.69E+00
21/02/2019 18:15,4.47E+01,1.00E+00
21/02/2019 18:30,5.15E+01,1.00E+00
21/02/2019 18:45,4.63E+01,1.65E+00
21/02/2019 19:00,3.17E+01,1.00E+00
21/02/2019 19:15,2.34E+01,1.00E+00
21/02/2019 19:30,2.27E+01,1.00E+00
21/02/2019 19:45,3.46E+00,1.00E+00
21/02/2019 20:00,1.65E+00,1.00E+00
21/02/2019 20:15,6.70E-01,1.00E+00
21/02/2019 20:30,9.70E-01,1.00E+00
21/02/2019 20:45,7.12E-01,1.00E+00
21/02/2019 21:00,3.03E-01,1.00E+00
21/02/2019 21:15,6.54E-01,1.00E+00
21/02/2019 21:30,0.00E+00,1.00E+00
21/02/2019 21:45,0.00E+00,1.00E+00
21/02/2019 22:00,0.00E+00,1.00E+00
21/02/2019 22:15,0.00E+00,1.00E+00
21/02/2019 22:30,6.62E-01,1.00E+00
21/02/2019 22:45,3.00E+00,1.00E+00
21/02/2019 23:00,3.00E+00,1.00E+00
21/02/2019 23:15,2.34E+00,1.00E+00
21/02/2019 23:30,3.00E+00,1.00E+00
21/02/2019 23:45,3.94E+00,1.00E+00
22/02/2019 00:00,4.32E+00,1.00E+00
22/02/2019 00:15,4.66E+00,1.00E+00
22/02/2019 00:30,2.70E+00,1.00E+00
22/02/2019 00:45,1.00E-02,1.00E+00
22/02/2019 01:00,0.00E+00,1.00E+00
22/02/2019 01:15,0.00E+00,1.00E+00
22/02/2019 01:30,0.00E+00,1.00E+00
22/02/2019 01:45,6.63E-01,6.69E-01
22/02/2019 02:00,3.36E-01,9.98E-01
22/02/2019 02:15,0.00E+00,1.00E+00
22/02/2019 02:30,0.00E+00,1.00E+00
22/02/2019 02:45,0.00E+00,1.00E+00
22/02/2019 03:00,0.00E+00,1.67E-02
22/02/2019 03:15,0.00E+00,0.00E+00
22/02/2019 03:30,0.00E+00,0.00E+00
22/02/2019 03:45,0.00E+00,0.00E+00
22/02/2019 04:00,0.00E+00,0.00E+00
22/02/2019 04:15,0.00E+00,0.00E+00
22/02/2019 04:30,0.00E+00,0.00E+00
22/02/2019 04:45,0.00E+00,0.00E+00
22/02/2019 05:00,0.00E+00,0.00E+00
22/02/2019 05:15,0.00E+00,0.00E+00
22/02/2019 05:30,0.00E+00,0.00E+00
22/02/2019 05:45,0.00E+00,0.00E+00
22/02/2019 06:00,0.00E+00,0.00E+00
22/02/2019 06:15,0.00E+00,0.00E+00
22/02/2019 06:30,0.00E+00,0.00E+00
22/02/2019 06:45,0.00E+00,0.00E+00
22/02/2019 07:00,0.00E+00,0.00E+00
22/02/2019 07:15,0.00E+00,0.00E+00
22/02/2019 07:30,0.00E+00,0.00E+00
22/02/2019 07:45,0.00E+00,0.00E+00
22/02/2019 08:00,0.00E+00,0.00E+00
22/02/2019 08:15,0.00E+00,0.00E+00
22/02/2019 08:30,0.00E+00,0.00E+00
22/02/2019 08:45,0.00E+00,0.00E+00
22/02/2019 09:00,3.62E+00,1.02E+00
22/02/2019 09:15,1.41E+01,1.65E+00
22/02/2019 09:30,1.53E+01,1.00E+00
22/02/2019 09:45,1.80E+01,1.00E+00
22/02/2019 10:00,2.30E+01,1.00E+00
22/02/2019 10:15,3.13E+01,1.00E+00
22/02/2019 10:30,2.78E+01,3.22E-02
22/02/2019 10:45,1.67E+01,0.00E+00
22/02/2019 11:00,1.63E+01,3.31E-01
22/02/2019 11:15,2.09E+01,1.00E+00
22/02/2019 11:30,1.99E+01,3.50E-01
22/02/2019 11:45,1.15E+01,5.00E-01
22/02/2019 12:00,1.13E+01,1.33E+00
22/02/2019 12:15,9.10E+00,1.32E+00
22/02/2019 12:30,5.68E+00,1.02E+00
22/02/2019 12:45,3.67E+00,1.00E+00
22/02/2019 13:00,4.31E+00,2.65E+00
22/02/2019 13:15,8.62E+00,1.72E+00
22/02/2019 13:30,1.46E+01,0.00E+00
22/02/2019 13:45,1.64E+01,6.51E-01
22/02/2019 14:00,1.57E+01,0.00E+00
22/02/2019 14:15,1.73E+01,0.00E+00
22/02/2019 14:30,2.12E+01,0.00E+00
22/02/2019 14:45,2.79E+01,0.00E+00
22/02/2019 15:00,3.23E+01,0.00E+00
22/02/2019 15:15,3.80E+01,3.19E-01
22/02/2019 15:30,4.13E+01,9.97E-01
22/02/2019 15:45,5.17E+01,3.33E-01
22/02/2019 16:00,6.72E+01,1.00E+00
22/02/2019 16:15,6.00E+01,4.77E-01
22/02/2019 16:30,5.65E+01,2.33E-02
22/02/2019 16:45,6.83E+01,2.67E+00
22/02/2019 17:00,6.87E+01,3.00E+00
22/02/2019 17:15,6.73E+01,0.00E+00
22/02/2019 17:30,6.90E+01,0.00E+00
22/02/2019 17:45,4.10E+01,0.00E+00
22/02/2019 18:00,2.29E+01,0.00E+00
22/02/2019 18:15,7.33E+00,0.00E+00
22/02/2019 18:30,7.47E-01,0.00E+00
22/02/2019 18:45,3.33E-01,0.00E+00
22/02/2019 19:00,1.95E+00,0.00E+00
22/02/2019 19:15,2.99E+00,0.00E+00
22/02/2019 19:30,5.33E+00,3.33E-01
22/02/2019 19:45,4.03E+00,3.63E-01
22/02/2019 20:00,5.25E+00,6.09E-01
22/02/2019 20:15,5.39E+00,7.24E-01
22/02/2019 20:30,4.30E+00,1.30E+00
22/02/2019 20:45,1.42E+00,3.62E-01
22/02/2019 21:00,6.80E-01,0.00E+00
22/02/2019 21:15,0.00E+00,0.00E+00
22/02/2019 21:30,0.00E+00,0.00E+00
22/02/2019 21:45,0.00E+00,0.00E+00
22/02/2019 22:00,0.00E+00,0.00E+00
22/02/2019 22:15,0.00E+00,0.00E+00
22/02/2019 22:30,0.00E+00,0.00E+00
22/02/2019 22:45,0.00E+00,0.00E+00
22/02/2019 23:00,0.00E+00,0.00E+00
22/02/2019 23:15,0.00E+00,0.00E+00
22/02/2019 23:30,0.00E+00,0.00E+00
22/02/2019 23:45,0.00E+00,0.00E+00
23/02/2019 00:00,0.00E+00,0.00E+00
23/02/2019 00:15,0.00E+00,0.00E+00
23/02/2019 00:30,0.00E+00,0.00E+00
23/02/2019 00:45,0.00E+00,0.00E+00
23/02/2019 01:00,0.00E+00,0.00E+00
23/02/2019 01:15,0.00E+00,0.00E+00
23/02/2019 01:30,0.00E+00,0.00E+00
23/02/2019 01:45,0.00E+00,0.00E+00
23/02/2019 02:00,0.00E+00,0.00E+00
23/02/2019 02:15,0.00E+00,0.00E+00
23/02/2019 02:30,0.00E+00,0.00E+00
23/02/2019 02:45,0.00E+00,0.00E+00
23/02/2019 03:00,0.00E+00,0.00E+00
23/02/2019 03:15,0.00E+00,0.00E+00
23/02/2019 03:30,0.00E+00,0.00E+00
23/02/2019 03:45,0.00E+00,0.00E+00
23/02/2019 04:00,3.33E-01,0.00E+00
23/02/2019 04:15,0.00E+00,0.00E+00
23/02/2019 04:30,0.00E+00,0.00E+00
23/02/2019 04:45,0.00E+00,0.00E+00
23/02/2019 05:00,0.00E+00,0.00E+00
23/02/2019 05:15,0.00E+00,0.00E+00
23/02/2019 05:30,0.00E+00,0.00E+00
23/02/2019 05:45,0.00E+00,0.00E+00
23/02/2019 06:00,0.00E+00,0.00E+00
23/02/2019 06:15,0.00E+00,0.00E+00
23/02/2019 06:30,0.00E+00,0.00E+00
23/02/2019 06:45,0.00E+00,0.00E+00
23/02/2019 07:00,0.00E+00,NaN
23/02/2019 07:15,0.00E+00,0.00E+00
23/02/2019 07:30,0.00E+00,0.00E+00
23/02/2019 07:45,0.00E+00,0.00E+00
23/02/2019 08:00,0.00E+00,0.00E+00
23/02/2019 08:15,0.00E+00,0.00E+00
23/02/2019 08:30,0.00E+00,0.00E+00
23/02/2019 08:45,0.00E+00,0.00E+00
23/02/2019 09:00,0.00E+00,0.00E+00
23/02/2019 09:15,0.00E+00,0.00E+00
23/02/2019 09:30,0.00E+00,0.00E+00
23/02/2019 09:45,0.00E+00,0.00E+00
23/02/2019 10:00,0.00E+00,0.00E+00
23/02/2019 10:15,2.00E+00,6.63E-01
23/02/2019 10:30,6.67E+00,0.00E+00
23/02/2019 10:45,6.00E+00,0.00E+00
23/02/2019 11:00,5.37E+00,0.00E+00
23/02/2019 11:15,5.00E+00,0.00E+00
23/02/2019 11:30,5.34E+00,0.00E+00
23/02/2019 11:45,4.51E+00,0.00E+00
23/02/2019 12:00,7.32E+00,0.00E+00
23/02/2019 12:15,7.00E+00,0.00E+00
23/02/2019 12:30,7.00E+00,0.00E+00
23/02/2019 12:45,8.33E+00,0.00E+00
23/02/2019 13:00,8.65E+00,0.00E+00
23/02/2019 13:15,9.00E+00,9.98E-01
23/02/2019 13:30,8.35E+00,1.00E+00
23/02/2019 13:45,8.33E+00,1.00E+00
23/02/2019 14:00,8.32E+00,1.00E+00
23/02/2019 14:15,5.50E+00,1.00E+00
23/02/2019 14:30,3.00E+00,1.00E+00
23/02/2019 14:45,3.34E+00,1.00E+00
23/02/2019 15:00,2.00E+00,1.00E+00
23/02/2019 15:15,2.00E+00,1.00E+00
23/02/2019 15:30,5.95E+00,1.67E+00
23/02/2019 15:45,7.67E+00,1.33E+00
23/02/2019 16:00,7.98E+00,1.03E+00
23/02/2019 16:15,8.00E+00,1.00E+00
23/02/2019 16:30,9.00E+00,1.00E+00
23/02/2019 16:45,9.00E+00,1.00E+00
23/02/2019 17:00,8.67E+00,1.00E+00
23/02/2019 17:15,7.33E+00,1.00E+00
23/02/2019 17:30,7.00E+00,1.00E+00
23/02/2019 17:45,6.95E+00,1.00E+00
23/02/2019 18:00,7.67E+00,1.00E+00
23/02/2019 18:15,8.29E+00,1.00E+00
23/02/2019 18:30,4.87E+00,1.00E+00
23/02/2019 18:45,2.00E+00,1.00E+00
23/02/2019 19:00,1.00E+00,1.00E+00
23/02/2019 19:15,6.66E-01,1.00E+00
23/02/2019 19:30,3.33E-01,1.00E+00
23/02/2019 19:45,3.33E-01,1.00E+00
23/02/2019 20:00,1.56E-02,1.00E+00
23/02/2019 20:15,6.67E-01,1.00E+00
23/02/2019 20:30,0.00E+00,1.00E+00
23/02/2019 20:45,0.00E+00,1.00E+00
23/02/2019 21:00,0.00E+00,1.00E+00
23/02/2019 21:15,0.00E+00,1.00E+00
23/02/2019 21:30,0.00E+00,1.00E+00
23/02/2019 21:45,0.00E+00,1.00E+00
23/02/2019 22:00,3.21E-01,1.00E+00
23/02/2019 22:15,0.00E+00,1.00E+00
23/02/2019 22:30,0.00E+00,1.00E+00
23/02/2019 22:45,0.00E+00,1.00E+00
23/02/2019 23:00,0.00E+00,1.00E+00
23/02/2019 23:15,0.00E+00,1.00E+00
23/02/2019 23:30,0.00E+00,1.00E+00
23/02/2019 23:45,0.00E+00,1.00E+00
24/02/2019 00:00,0.00E+00,1.00E+00
24/02/2019 00:15,0.00E+00,1.00E+00
24/02/2019 00:30,0.00E+00,1.00E+00
24/02/2019 00:45,0.00E+00,1.00E+00
24/02/2019 01:00,0.00E+00,1.00E+00
24/02/2019 01:15,0.00E+00,1.00E+00
24/02/2019 01:30,0.00E+00,1.00E+00
24/02/2019 01:45,0.00E+00,1.00E+00
24/02/2019 02:00,0.00E+00,1.00E+00
24/02/2019 02:15,0.00E+00,1.00E+00
24/02/2019 02:30,0.00E+00,1.00E+00
24/02/2019 02:45,0.00E+00,1.00E+00
24/02/2019 03:00,0.00E+00,1.00E+00
24/02/2019 03:15,0.00E+00,1.00E+00
24/02/2019 03:30,0.00E+00,1.00E+00
24/02/2019 03:45,0.00E+00,1.00E+00
24/02/2019 04:00,0.00E+00,1.00E+00
24/02/2019 04:15,0.00E+00,1.00E+00
24/02/2019 04:30,0.00E+00,1.00E+00
24/02/2019 04:45,0.00E+00,1.00E+00
24/02/2019 05:00,0.00E+00,1.00E+00
24/02/2019 05:15,0.00E+00,1.00E+00
24/02/2019 05:30,0.00E+00,1.00E+00
24/02/2019 05:45,0.00E+00,1.00E+00
24/02/2019 06:00,0.00E+00,1.00E+00
24/02/2019 06:15,0.00E+00,1.00E+00
24/02/2019 06:30,0.00E+00,1.00E+00
24/02/2019 06:45,0.00E+00,1.00E+00
24/02/2019 07:00,0.00E+00,1.00E+00
24/02/2019 07:15,0.00E+00,1.00E+00
24/02/2019 07:30,0.00E+00,1.00E+00
24/02/2019 07:45,0.00E+00,1.00E+00
24/02/2019 08:00,0.00E+00,1.00E+00
24/02/2019 08:15,0.00E+00,1.00E+00
24/02/2019 08:30,0.00E+00,1.00E+00
24/02/2019 08:45,0.00E+00,1.00E+00
24/02/2019 09:00,0.00E+00,1.00E+00
24/02/2019 09:15,0.00E+00,1.00E+00
24/02/2019 09:30,0.00E+00,1.00E+00
24/02/2019 09:45,0.00E+00,1.00E+00
24/02/2019 10:00,0.00E+00,1.00E+00
24/02/2019 10:15,0.00E+00,1.00E+00
24/02/2019 10:30,0.00E+00,1.00E+00
24/02/2019 10:45,0.00E+00,1.00E+00
24/02/2019 11:00,0.00E+00,1.00E+00
24/02/2019 11:15,0.00E+00,1.00E+00
24/02/2019 11:30,0.00E+00,1.00E+00
24/02/2019 11:45,0.00E+00,1.00E+00
24/02/2019 12:00,0.00E+00,1.00E+00
24/02/2019 12:15,0.00E+00,1.00E+00
24/02/2019 12:30,0.00E+00,1.00E+00
24/02/2019 12:45,0.00E+00,1.00E+00
24/02/2019 13:00,0.00E+00,1.00E+00
24/02/2019 13:15,0.00E+00,1.00E+00
24/02/2019 13:30,0.00E+00,1.00E+00
24/02/2019 13:45,0.00E+00,1.00E+00
24/02/2019 14:00,0.00E+00,1.00E+00
24/02/2019 14:15,0.00E+00,1.00E+00
24/02/2019 14:30,0.00E+00,1.00E+00
24/02/2019 14:45,0.00E+00,1.00E+00
24/02/2019 15:00,0.00E+00,1.00E+00
24/02/2019 15:15,0.00E+00,1.00E+00
24/02/2019 15:30,0.00E+00,1.00E+00
24/02/2019 15:45,0.00E+00,1.00E+00
24/02/2019 16:00,0.00E+00,1.00E+00
24/02/2019 16:15,0.00E+00,1.00E+00
24/02/2019 16:30,3.32E-01,1.00E+00
24/02/2019 16:45,0.00E+00,1.00E+00
24/02/2019 17:00,0.00E+00,1.00E+00
24/02/2019 17:15,0.00E+00,1.00E+00
24/02/2019 17:30,0.00E+00,1.00E+00
24/02/2019 17:45,0.00E+00,1.00E+00
24/02/2019 18:00,0.00E+00,1.00E+00
24/02/2019 18:15,0.00E+00,1.00E+00
24/02/2019 18:30,3.31E-01,1.00E+00
24/02/2019 18:45,1.65E+00,1.00E+00
24/02/2019 19:00,1.00E+00,1.00E+00
24/02/2019 19:15,1.00E+00,1.00E+00
24/02/2019 19:30,1.00E+00,1.00E+00
24/02/2019 19:45,1.00E+00,1.00E+00
24/02/2019 20:00,1.00E+00,1.00E+00
24/02/2019 20:15,1.00E+00,1.00E+00
24/02/2019 20:30,1.00E+00,1.00E+00
24/02/2019 20:45,1.00E+00,1.00E+00
24/02/2019 21:00,1.67E+00,1.00E+00
24/02/2019 21:15,2.00E+00,1.00E+00
24/02/2019 21:30,2.00E+00,1.00E+00
24/02/2019 21:45,2.00E+00,1.00E+00
24/02/2019 22:00,2.00E+00,1.00E+00
24/02/2019 22:15,1.67E+00,1.00E+00
24/02/2019 22:30,5.00E-01,1.00E+00
24/02/2019 22:45,0.00E+00,1.00E+00
24/02/2019 23:00,0.00E+00,1.00E+00
24/02/2019 23:15,0.00E+00,1.00E+00
24/02/2019 23:30,0.00E+00,1.00E+00
24/02/2019 23:45,0.00E+00,1.00E+00
25/02/2019 00:00,0.00E+00,1.00E+00
25/02/2019 00:15,0.00E+00,1.00E+00
25/02/2019 00:30,2.89E-01,1.00E+00
25/02/2019 00:45,4.22E-02,1.00E+00
25/02/2019 01:00,0.00E+00,1.00E+00
25/02/2019 01:15,0.00E+00,1.00E+00
25/02/2019 01:30,0.00E+00,1.00E+00
25/02/2019 01:45,0.00E+00,1.00E+00
25/02/2019 02:00,0.00E+00,1.00E+00
25/02/2019 02:15,0.00E+00,1.00E+00
25/02/2019 02:30,0.00E+00,1.00E+00
25/02/2019 02:45,0.00E+00,1.00E+00
25/02/2019 03:00,0.00E+00,1.00E+00
25/02/2019 03:15,0.00E+00,1.00E+00
25/02/2019 03:30,0.00E+00,1.00E+00
25/02/2019 03:45,0.00E+00,1.00E+00
25/02/2019 04:00,0.00E+00,1.00E+00
25/02/2019 04:15,0.00E+00,1.00E+00
25/02/2019 04:30,0.00E+00,1.00E+00
25/02/2019 04:45,0.00E+00,1.00E+00
25/02/2019 05:00,0.00E+00,1.00E+00
25/02/2019 05:15,0.00E+00,1.00E+00
25/02/2019 05:30,0.00E+00,1.00E+00
25/02/2019 05:45,0.00E+00,1.00E+00
25/02/2019 06:00,0.00E+00,1.00E+00
25/02/2019 06:15,0.00E+00,1.00E+00
25/02/2019 06:30,0.00E+00,1.00E+00
25/02/2019 06:45,0.00E+00,1.00E+00
25/02/2019 07:00,0.00E+00,1.00E+00
25/02/2019 07:15,0.00E+00,5.00E-01
25/02/2019 07:30,0.00E+00,0.00E+00
25/02/2019 07:45,0.00E+00,0.00E+00
25/02/2019 08:00,0.00E+00,0.00E+00
25/02/2019 08:15,0.00E+00,0.00E+00
25/02/2019 08:30,0.00E+00,0.00E+00
25/02/2019 08:45,1.00E+00,0.00E+00
25/02/2019 09:00,3.00E+00,0.00E+00
25/02/2019 09:15,1.30E+01,9.97E-01
25/02/2019 09:30,1.30E+01,0.00E+00
25/02/2019 09:45,1.47E+01,0.00E+00
25/02/2019 10:00,1.59E+01,0.00E+00
25/02/2019 10:15,2.67E+01,0.00E+00
25/02/2019 10:30,2.30E+01,0.00E+00
25/02/2019 10:45,1.43E+01,0.00E+00
25/02/2019 11:00,1.34E+01,0.00E+00
25/02/2019 11:15,1.27E+01,0.00E+00
25/02/2019 11:30,1.46E+01,3.42E-01
25/02/2019 11:45,1.50E+01,0.00E+00
25/02/2019 12:00,1.78E+01,0.00E+00
25/02/2019 12:15,1.97E+01,0.00E+00
25/02/2019 12:30,2.18E+01,3.41E-01
25/02/2019 12:45,4.25E+01,1.89E+00
25/02/2019 13:00,6.23E+01,2.00E+00
25/02/2019 13:15,7.32E+01,2.33E+00
25/02/2019 13:30,7.14E+01,3.33E-03
25/02/2019 13:45,3.47E+01,3.67E+00
25/02/2019 14:00,3.20E+01,6.67E-01
25/02/2019 14:15,1.70E+01,6.67E-01
25/02/2019 14:30,1.36E+01,6.63E-01
25/02/2019 14:45,1.50E+01,1.00E+00
25/02/2019 15:00,1.89E+01,2.32E+00
25/02/2019 15:15,1.70E+01,1.00E+00
25/02/2019 15:30,1.97E+01,0.00E+00
25/02/2019 15:45,6.00E+01,3.33E-01
25/02/2019 16:00,7.61E+01,2.33E-02
25/02/2019 16:15,7.90E+01,1.67E+00
25/02/2019 16:30,5.65E+01,3.33E-01
25/02/2019 16:45,3.58E+01,6.58E-01
25/02/2019 17:00,4.18E+01,3.31E-01
25/02/2019 17:15,4.82E+01,2.00E+00
25/02/2019 17:30,5.73E+01,1.00E+00
25/02/2019 17:45,5.80E+01,0.00E+00
25/02/2019 18:00,5.13E+01,3.64E-01
25/02/2019 18:15,4.35E+01,1.30E+00
25/02/2019 18:30,3.27E+01,1.67E+00
25/02/2019 18:45,2.60E+01,1.00E+00
25/02/2019 19:00,3.21E+01,1.37E+00
25/02/2019 19:15,2.10E+01,0.00E+00
25/02/2019 19:30,1.30E+01,0.00E+00
25/02/2019 19:45,1.59E+01,0.00E+00
25/02/2019 20:00,1.30E+01,6.50E-01
25/02/2019 20:15,1.53E+01,2.89E-02
25/02/2019 20:30,1.30E+01,0.00E+00
25/02/2019 20:45,2.82E+00,0.00E+00
25/02/2019 21:00,0.00E+00,0.00E+00
25/02/2019 21:15,0.00E+00,0.00E+00
25/02/2019 21:30,0.00E+00,0.00E+00
25/02/2019 21:45,0.00E+00,5.00E-01
25/02/2019 22:00,3.04E-01,3.11E-02
25/02/2019 22:15,4.00E-02,0.00E+00
25/02/2019 22:30,6.24E-01,0.00E+00
25/02/2019 22:45,1.00E+00,0.00E+00
25/02/2019 23:00,1.67E+00,0.00E+00
25/02/2019 23:15,2.22E-03,0.00E+00
25/02/2019 23:30,0.00E+00,0.00E+00
25/02/2019 23:45,0.00E+00,0.00E+00
26/02/2019 00:00,0.00E+00,0.00E+00
26/02/2019 00:15,0.00E+00,0.00E+00
26/02/2019 00:30,0.00E+00,0.00E+00
26/02/2019 00:45,0.00E+00,0.00E+00
26/02/2019 01:00,0.00E+00,0.00E+00
26/02/2019 01:15,0.00E+00,0.00E+00
26/02/2019 01:30,0.00E+00,0.00E+00
26/02/2019 01:45,0.00E+00,0.00E+00
26/02/2019 02:00,NaN,0.00E+00
26/02/2019 02:15,0.00E+00,0.00E+00
26/02/2019 02:30,0.00E+00,0.00E+00
26/02/2019 02:45,0.00E+00,0.00E+00
26/02/2019 03:00,0.00E+00,0.00E+00
26/02/2019 03:15,0.00E+00,0.00E+00
26/02/2019 03:30,0.00E+00,0.00E+00
26/02/2019 03:45,0.00E+00,0.00E+00
26/02/2019 04:00,0.00E+00,0.00E+00
26/02/2019 04:15,0.00E+00,0.00E+00
26/02/2019 04:30,0.00E+00,0.00E+00
26/02/2019 04:45,0.00E+00,0.00E+00
26/02/2019 05:00,0.00E+00,0.00E+00
26/02/2019 05:15,0.00E+00,0.00E+00
26/02/2019 05:30,0.00E+00,0.00E+00
26/02/2019 05:45,0.00E+00,0.00E+00
26/02/2019 06:00,0.00E+00,0.00E+00
26/02/2019 06:15,0.00E+00,0.00E+00
26/02/2019 06:30,0.00E+00,0.00E+00
26/02/2019 06:45,0.00E+00,0.00E+00
26/02/2019 07:00,0.00E+00,0.00E+00
26/02/2019 07:15,0.00E+00,0.00E+00
26/02/2019 07:30,0.00E+00,0.00E+00
26/02/2019 07:45,0.00E+00,0.00E+00
26/02/2019 08:00,0.00E+00,0.00E+00
26/02/2019 08:15,0.00E+00,0.00E+00
26/02/2019 08:30,0.00E+00,0.00E+00
26/02/2019 08:45,3.32E-01,0.00E+00
26/02/2019 09:00,6.67E-01,3.33E-01
26/02/2019 09:15,5.57E+00,3.11E-02
26/02/2019 09:30,4.67E+00,0.00E+00
26/02/2019 09:45,4.35E+00,0.00E+00
26/02/2019 10:00,4.67E+00,0.00E+00
26/02/2019 10:15,6.33E+00,0.00E+00
26/02/2019 10:30,8.99E+00,0.00E+00
26/02/2019 10:45,2.86E+01,0.00E+00
26/02/2019 11:00,3.52E+01,0.00E+00
26/02/2019 11:15,4.38E+01,0.00E+00
26/02/2019 11:30,6.60E+01,0.00E+00
26/02/2019 11:45,7.46E+01,0.00E+00
26/02/2019 12:00,7.93E+01,3.33E-01
26/02/2019 12:15,8.01E+01,1.00E+00
26/02/2019 12:30,7.11E+01,1.00E+00
26/02/2019 12:45,4.27E+01,1.00E+00
26/02/2019 13:00,3.23E+01,2.30E+00
26/02/2019 13:15,2.14E+01,2.67E+00
26/02/2019 13:30,2.40E+01,1.00E+00
26/02/2019 13:45,2.89E+01,3.49E-01
26/02/2019 14:00,2.87E+01,0.00E+00
26/02/2019 14:15,5.55E+01,3.32E-01
26/02/2019 14:30,4.91E+01,0.00E+00
26/02/2019 14:45,5.10E+01,0.00E+00
26/02/2019 15:00,3.90E+01,3.33E-01
26/02/2019 15:15,2.34E+01,0.00E+00
26/02/2019 15:30,2.43E+01,6.63E-01
26/02/2019 15:45,3.12E+01,1.36E+00
26/02/2019 16:00,3.60E+01,1.00E+00
26/02/2019 16:15,3.10E+01,9.98E-01
26/02/2019 16:30,3.55E+01,3.38E-01
26/02/2019 16:45,4.59E+01,6.40E-01
26/02/2019 17:00,4.10E+01,6.63E-01
26/02/2019 17:15,4.33E+01,1.67E+00
26/02/2019 17:30,4.65E+01,1.68E+00
26/02/2019 17:45,7.75E+01,1.00E+00
26/02/2019 18:00,NaN,6.64E-01
26/02/2019 18:15,7.50E+01,1.00E+00
26/02/2019 18:30,6.97E+01,1.00E+00
26/02/2019 18:45,5.13E+01,0.00E+00
26/02/2019 19:00,5.10E+01,0.00E+00
26/02/2019 19:15,3.80E+01,0.00E+00
26/02/2019 19:30,4.23E+01,0.00E+00
26/02/2019 19:45,3.53E+01,0.00E+00
26/02/2019 20:00,2.77E+01,0.00E+00
26/02/2019 20:15,2.60E+01,0.00E+00
26/02/2019 20:30,1.47E+01,0.00E+00
26/02/2019 20:45,6.36E+00,0.00E+00
26/02/2019 21:00,7.00E+00,0.00E+00
26/02/2019 21:15,4.39E+00,0.00E+00
26/02/2019 21:30,6.69E-01,0.00E+00
26/02/2019 21:45,3.47E-01,0.00E+00
26/02/2019 22:00,0.00E+00,0.00E+00
26/02/2019 22:15,0.00E+00,0.00E+00
26/02/2019 22:30,0.00E+00,0.00E+00
26/02/2019 22:45,9.47E-01,0.00E+00
26/02/2019 23:00,1.33E+00,0.00E+00
26/02/2019 23:15,1.00E+00,0.00E+00
26/02/2019 23:30,3.33E-01,0.00E+00
26/02/2019 23:45,0.00E+00,0.00E+00
27/02/2019 00:00,0.00E+00,0.00E+00
27/02/2019 00:15,0.00E+00,0.00E+00
27/02/2019 00:30,0.00E+00,0.00E+00
27/02/2019 00:45,0.00E+00,0.00E+00
27/02/2019 01:00,0.00E+00,0.00E+00
27/02/2019 01:15,0.00E+00,0.00E+00
27/02/2019 01:30,6.43E-01,0.00E+00
27/02/2019 01:45,0.00E+00,0.00E+00
27/02/2019 02:00,0.00E+00,0.00E+00
27/02/2019 02:15,0.00E+00,0.00E+00
27/02/2019 02:30,0.00E+00,0.00E+00
27/02/2019 02:45,0.00E+00,0.00E+00
27/02/2019 03:00,0.00E+00,0.00E+00
27/02/2019 03:15,0.00E+00,0.00E+00
27/02/2019 03:30,0.00E+00,0.00E+00
27/02/2019 03:45,0.00E+00,0.00E+00
27/02/2019 04:00,0.00E+00,0.00E+00
27/02/2019 04:15,0.00E+00,0.00E+00
27/02/2019 04:30,0.00E+00,0.00E+00
27/02/2019 04:45,0.00E+00,0.00E+00
27/02/2019 05:00,0.00E+00,0.00E+00
27/02/2019 05:15,0.00E+00,0.00E+00
27/02/2019 05:30,0.00E+00,0.00E+00
27/02/2019 05:45,0.00E+00,0.00E+00
27/02/2019 06:00,0.00E+00,0.00E+00
27/02/2019 06:15,0.00E+00,0.00E+00
27/02/2019 06:30,0.00E+00,0.00E+00
27/02/2019 06:45,0.00E+00,0.00E+00
27/02/2019 07:00,0.00E+00,0.00E+00
27/02/2019 07:15,0.00E+00,0.00E+00
27/02/2019 07:30,0.00E+00,0.00E+00
27/02/2019 07:45,0.00E+00,0.00E+00
27/02/2019 08:00,0.00E+00,0.00E+00
27/02/2019 08:15,0.00E+00,0.00E+00
27/02/2019 08:30,0.00E+00,6.81E-01
27/02/2019 08:45,2.91E-01,0.00E+00
27/02/2019 09:00,1.97E+00,4.38E-01
27/02/2019 09:15,7.13E+00,3.11E-02
27/02/2019 09:30,1.55E+01,0.00E+00
27/02/2019 09:45,1.90E+01,0.00E+00
27/02/2019 10:00,1.75E+01,0.00E+00
27/02/2019 10:15,2.79E+01,0.00E+00
27/02/2019 10:30,3.43E+01,3.04E-01
27/02/2019 10:45,5.49E+01,3.33E-01
27/02/2019 11:00,4.98E+01,1.30E+00
27/02/2019 11:15,4.82E+01,7.27E-01
27/02/2019 11:30,4.64E+01,0.00E+00
27/02/2019 11:45,4.25E+01,0.00E+00
27/02/2019 12:00,4.25E+01,0.00E+00
27/02/2019 12:15,7.81E+01,3.33E-01
27/02/2019 12:30,8.93E+01,3.51E-01
27/02/2019 12:45,9.17E+01,3.33E-01
27/02/2019 13:00,6.77E+01,2.22E-03
27/02/2019 13:15,5.83E+01,3.18E-01
27/02/2019 13:30,5.16E+01,6.67E-01
27/02/2019 13:45,5.27E+01,2.00E+00
27/02/2019 14:00,5.13E+01,3.00E+00
27/02/2019 14:15,4.08E+01,3.00E+00
27/02/2019 14:30,3.25E+01,1.70E+00
27/02/2019 14:45,4.65E+01,0.00E+00
27/02/2019 15:00,6.94E+01,0.00E+00
27/02/2019 15:15,9.98E+01,1.00E+00
27/02/2019 15:30,1.13E+02,2.00E+00
27/02/2019 15:45,1.11E+02,9.87E-01
27/02/2019 16:00,1.04E+02,6.67E-01
27/02/2019 16:15,5.71E+01,0.00E+00
27/02/2019 16:30,3.13E+01,0.00E+00
27/02/2019 16:45,3.51E+01,0.00E+00
27/02/2019 17:00,3.37E+01,1.00E+00
27/02/2019 17:15,4.17E+01,6.67E-01
27/02/2019 17:30,4.36E+01,2.39E+00
27/02/2019 17:45,4.15E+01,1.00E+00
27/02/2019 18:00,4.86E+01,1.33E+00
27/02/2019 18:15,6.20E+01,1.71E+00
27/02/2019 18:30,6.10E+01,2.50E+00
27/02/2019 18:45,6.20E+01,2.00E+00
27/02/2019 19:00,7.00E+01,1.67E+00
27/02/2019 19:15,5.25E+01,1.67E-02
27/02/2019 19:30,3.94E+01,0.00E+00
27/02/2019 19:45,2.40E+01,0.00E+00
27/02/2019 20:00,1.25E+00,3.36E-01
27/02/2019 20:15,2.33E+00,0.00E+00
27/02/2019 20:30,1.33E+00,0.00E+00
27/02/2019 20:45,1.04E+00,0.00E+00
27/02/2019 21:00,1.33E+00,0.00E+00
27/02/2019 21:15,4.44E-03,0.00E+00
27/02/2019 21:30,1.00E+00,0.00E+00
27/02/2019 21:45,2.22E-03,0.00E+00
27/02/2019 22:00,3.34E-01,0.00E+00
27/02/2019 22:15,0.00E+00,0.00E+00
27/02/2019 22:30,0.00E+00,0.00E+00
27/02/2019 22:45,3.33E-01,0.00E+00
27/02/2019 23:00,0.00E+00,0.00E+00
27/02/2019 23:15,0.00E+00,0.00E+00
27/02/2019 23:30,0.00E+00,0.00E+00
27/02/2019 23:45,0.00E+00,0.00E+00
28/02/2019 00:00,0.00E+00,0.00E+00
28/02/2019 00:15,0.00E+00,0.00E+00
28/02/2019 00:30,0.00E+00,0.00E+00
28/02/2019 00:45,0.00E+00,0.00E+00
28/02/2019 01:00,0.00E+00,0.00E+00
28/02/2019 01:15,0.00E+00,1.00E+00
28/02/2019 01:30,0.00E+00,0.00E+00
28/02/2019 01:45,0.00E+00,0.00E+00
28/02/2019 02:00,0.00E+00,0.00E+00
28/02/2019 02:15,0.00E+00,0.00E+00
28/02/2019 02:30,0.00E+00,0.00E+00
28/02/2019 02:45,0.00E+00,0.00E+00
28/02/2019 03:00,0.00E+00,0.00E+00
28/02/2019 03:15,0.00E+00,0.00E+00
28/02/2019 03:30,0.00E+00,0.00E+00
28/02/2019 03:45,0.00E+00,0.00E+00
28/02/2019 04:00,0.00E+00,0.00E+00
28/02/2019 04:15,0.00E+00,0.00E+00
28/02/2019 04:30,0.00E+00,0.00E+00
28/02/2019 04:45,0.00E+00,0.00E+00
28/02/2019 05:00,0.00E+00,0.00E+00
28/02/2019 05:15,0.00E+00,0.00E+00
28/02/2019 05:30,0.00E+00,0.00E+00
28/02/2019 05:45,0.00E+00,0.00E+00
28/02/2019 06:00,0.00E+00,0.00E+00
28/02/2019 06:15,0.00E+00,0.00E+00
28/02/2019 06:30,0.00E+00,0.00E+00
28/02/2019 06:45,0.00E+00,0.00E+00
28/02/2019 07:00,0.00E+00,0.00E+00
28/02/2019 07:15,0.00E+00,0.00E+00
28/02/2019 07:30,0.00E+00,0.00E+00
28/02/2019 07:45,0.00E+00,0.00E+00
28/02/2019 08:00,0.00E+00,0.00E+00
28/02/2019 08:15,0.00E+00,0.00E+00
28/02/2019 08:30,0.00E+00,5.00E-01
28/02/2019 08:45,0.00E+00,1.00E+00
28/02/2019 09:00,6.33E-01,0.00E+00
28/02/2019 09:15,1.34E+00,0.00E+00
28/02/2019 09:30,1.66E+00,0.00E+00
28/02/2019 09:45,7.78E+00,0.00E+00
28/02/2019 10:00,1.60E+01,0.00E+00
28/02/2019 10:15,1.73E+01,0.00E+00
28/02/2019 10:30,2.17E+01,0.00E+00
28/02/2019 10:45,4.53E+01,3.33E-01
28/02/2019 11:00,5.23E+01,1.35E+00
28/02/2019 11:15,6.05E+01,1.00E+00
28/02/2019 11:30,7.40E+01,6.69E-01
28/02/2019 11:45,7.17E+01,3.30E-01
28/02/2019 12:00,6.54E+01,3.33E+00
28/02/2019 12:15,6.13E+01,3.33E+00
28/02/2019 12:30,7.90E+01,5.67E+00
28/02/2019 12:45,4.97E+01,1.71E+00
28/02/2019 13:00,5.60E+01,1.70E+00
28/02/2019 13:15,5.00E+01,1.00E+00
28/02/2019 13:30,4.87E+01,1.00E+00
28/02/2019 13:45,3.33E+01,2.00E+00
28/02/2019 14:00,2.85E+01,2.32E+00
28/02/2019 14:15,4.74E+01,3.33E+00
28/02/2019 14:30,5.40E+01,1.00E+00
28/02/2019 14:45,7.19E+01,2.00E+00
28/02/2019 15:00,6.72E+01,1.33E+00
28/02/2019 15:15,6.66E+01,1.66E+00
28/02/2019 15:30,8.06E+01,1.00E+00
28/02/2019 15:45,8.27E+01,2.99E+00
28/02/2019 16:00,8.46E+01,3.00E+00
28/02/2019 16:15,1.24E+02,2.00E+00
28/02/2019 16:30,1.27E+02,1.00E+00
28/02/2019 16:45,1.21E+02,3.36E-01
28/02/2019 17:00,1.09E+02,1.69E+00
28/02/2019 17:15,8.17E+01,1.00E+00
28/02/2019 17:30,7.33E+01,9.00E-02
28/02/2019 17:45,7.93E+01,0.00E+00
28/02/2019 18:00,8.13E+01,0.00E+00
28/02/2019 18:15,6.90E+01,6.64E-01
28/02/2019 18:30,6.75E+01,1.00E+00
28/02/2019 18:45,4.17E+01,1.53E+00
28/02/2019 19:00,4.17E+01,1.11E-03
28/02/2019 19:15,3.78E+01,0.00E+00
28/02/2019 19:30,3.14E+01,1.00E+00
28/02/2019 19:45,3.20E+01,6.51E-01
28/02/2019 20:00,2.70E+01,1.00E+00
28/02/2019 20:15,2.27E+01,1.67E-02
28/02/2019 20:30,2.40E+01,5.00E-01
28/02/2019 20:45,2.17E+01,2.22E-03
28/02/2019 21:00,2.10E+01,0.00E+00
28/02/2019 21:15,4.68E+00,0.00E+00
28/02/2019 21:30,6.67E-01,0.00E+00
28/02/2019 21:45,3.33E-01,0.00E+00
28/02/2019 22:00,3.34E-01,0.00E+00
28/02/2019 22:15,6.36E-01,0.00E+00
28/02/2019 22:30,4.11E-02,0.00E+00
28/02/2019 22:45,0.00E+00,0.00E+00
28/02/2019 23:00,2.93E-01,0.00E+00
28/02/2019 23:15,3.11E-02,0.00E+00
28/02/2019 23:30,0.00E+00,0.00E+00
28/02/2019 23:45,0.00E+00,0.00E+00
01/03/2019 00:00,0.00E+00,0.00E+00
01/03/2019 00:15,0.00E+00,0.00E+00
01/03/2019 00:30,0.00E+00,0.00E+00
01/03/2019 00:45,0.00E+00,0.00E+00
01/03/2019 01:00,0.00E+00,0.00E+00
01/03/2019 01:15,0.00E+00,0.00E+00
01/03/2019 01:30,0.00E+00,0.00E+00
01/03/2019 01:45,0.00E+00,0.00E+00
01/03/2019 02:00,0.00E+00,0.00E+00
01/03/2019 02:15,0.00E+00,0.00E+00
01/03/2019 02:30,0.00E+00,0.00E+00
01/03/2019 02:45,0.00E+00,0.00E+00
01/03/2019 03:00,0.00E+00,0.00E+00
01/03/2019 03:15,0.00E+00,0.00E+00
01/03/2019 03:30,0.00E+00,0.00E+00
01/03/2019 03:45,0.00E+00,0.00E+00
01/03/2019 04:00,0.00E+00,0.00E+00
01/03/2019 04:15,0.00E+00,0.00E+00
01/03/2019 04:30,0.00E+00,0.00E+00
01/03/2019 04:45,0.00E+00,0.00E+00
01/03/2019 05:00,0.00E+00,0.00E+00
01/03/2019 05:15,0.00E+00,0.00E+00
01/03/2019 05:30,0.00E+00,0.00E+00
01/03/2019 05:45,0.00E+00,0.00E+00
01/03/2019 06:00,0.00E+00,0.00E+00
01/03/2019 06:15,6.50E-01,0.00E+00
01/03/2019 06:30,1.00E+00,0.00E+00
01/03/2019 06:45,6.67E-01,0.00E+00
01/03/2019 07:00,0.00E+00,0.00E+00
01/03/2019 07:15,0.00E+00,0.00E+00
01/03/2019 07:30,0.00E+00,0.00E+00
01/03/2019 07:45,0.00E+00,0.00E+00
01/03/2019 08:00,0.00E+00,0.00E+00
01/03/2019 08:15,0.00E+00,0.00E+00
01/03/2019 08:30,0.00E+00,0.00E+00
01/03/2019 08:45,3.33E-01,0.00E+00
01/03/2019 09:00,4.65E+00,0.00E+00
01/03/2019 09:15,1.48E+01,3.61E-01
01/03/2019 09:30,2.39E+01,0.00E+00
01/03/2019 09:45,3.20E+01,0.00E+00
01/03/2019 10:00,3.95E+01,0.00E+00
01/03/2019 10:15,4.83E+01,1.33E+00
01/03/2019 10:30,5.27E+01,1.00E+00
01/03/2019 10:45,5.10E+01,1.00E+00
01/03/2019 11:00,4.20E+01,3.36E-01
01/03/2019 11:15,3.87E+01,0.00E+00
01/03/2019 11:30,3.40E+01,0.00E+00
01/03/2019 11:45,2.40E+01,6.31E-01
01/03/2019 12:00,8.00E+00,1.00E+00
01/03/2019 12:15,8.00E+00,1.00E+00
01/03/2019 12:30,5.68E+00,6.36E-01
01/03/2019 12:45,6.26E+00,3.34E-01
01/03/2019 13:00,7.65E+00,0.00E+00
01/03/2019 13:15,7.59E+00,0.00E+00
01/03/2019 13:30,1.10E+01,0.00E+00
01/03/2019 13:45,1.07E+01,0.00E+00
01/03/2019 14:00,8.34E+00,0.00E+00
01/03/2019 14:15,3.35E+00,0.00E+00
01/03/2019 14:30,9.35E+00,0.00E+00
01/03/2019 14:45,5.32E+01,6.26E-01
01/03/2019 15:00,6.23E+01,1.00E+00
01/03/2019 15:15,6.69E+01,3.63E-01
01/03/2019 15:30,7.12E+01,0.00E+00
01/03/2019 15:45,8.22E+01,0.00E+00
01/03/2019 16:00,8.17E+01,1.00E+00
01/03/2019 16:15,6.38E+01,1.50E+00
01/03/2019 16:30,6.60E+01,1.00E+00
01/03/2019 16:45,5.77E+01,2.22E-03
01/03/2019 17:00,6.14E+01,6.52E-01
01/03/2019 17:15,7.35E+01,9.97E-01
01/03/2019 17:30,7.63E+01,1.33E+00
01/03/2019 17:45,6.37E+01,1.32E+00
01/03/2019 18:00,5.65E+01,1.64E+00
01/03/2019 18:15,2.77E+01,3.53E-01
01/03/2019 18:30,1.00E+01,0.00E+00
01/03/2019 18:45,2.65E+00,3.03E-01
01/03/2019 19:00,2.33E+00,4.67E-02
01/03/2019 19:15,1.96E+00,0.00E+00
01/03/2019 19:30,7.00E-01,0.00E+00
01/03/2019 19:45,3.36E-01,0.00E+00
01/03/2019 20:00,6.67E-01,0.00E+00
01/03/2019 20:15,6.98E-01,0.00E+00
01/03/2019 20:30,0.00E+00,0.00E+00
01/03/2019 20:45,0.00E+00,3.32E-01
01/03/2019 21:00,0.00E+00,0.00E+00
01/03/2019 21:15,0.00E+00,0.00E+00
01/03/2019 21:30,3.66E-01,0.00E+00
01/03/2019 21:45,0.00E+00,0.00E+00
01/03/2019 22:00,0.00E+00,0.00E+00
01/03/2019 22:15,0.00E+00,3.33E-01
01/03/2019 22:30,0.00E+00,1.56E-02
01/03/2019 22:45,0.00E+00,0.00E+00
01/03/2019 23:00,0.00E+00,0.00E+00
01/03/2019 23:15,0.00E+00,0.00E+00
01/03/2019 23:30,0.00E+00,0.00E+00
01/03/2019 23:45,0.00E+00,0.00E+00
02/03/2019 00:00,0.00E+00,0.00E+00
02/03/2019 00:15,3.22E-01,0.00E+00
02/03/2019 00:30,0.00E+00,0.00E+00
02/03/2019 00:45,0.00E+00,0.00E+00
02/03/2019 01:00,0.00E+00,0.00E+00
02/03/2019 01:15,0.00E+00,0.00E+00
02/03/2019 01:30,0.00E+00,0.00E+00
02/03/2019 01:45,0.00E+00,0.00E+00
02/03/2019 02:00,0.00E+00,0.00E+00
02/03/2019 02:15,0.00E+00,0.00E+00
02/03/2019 02:30,0.00E+00,0.00E+00
02/03/2019 02:45,0.00E+00,0.00E+00
02/03/2019 03:00,0.00E+00,0.00E+00
02/03/2019 03:15,0.00E+00,0.00E+00
02/03/2019 03:30,0.00E+00,0.00E+00
02/03/2019 03:45,0.00E+00,0.00E+00
02/03/2019 04:00,0.00E+00,0.00E+00
02/03/2019 04:15,0.00E+00,0.00E+00
02/03/2019 04:30,0.00E+00,0.00E+00
02/03/2019 04:45,0.00E+00,0.00E+00
02/03/2019 05:00,0.00E+00,0.00E+00
02/03/2019 05:15,0.00E+00,0.00E+00
02/03/2019 05:30,0.00E+00,0.00E+00
02/03/2019 05:45,0.00E+00,0.00E+00
02/03/2019 06:00,0.00E+00,0.00E+00
02/03/2019 06:15,0.00E+00,0.00E+00
02/03/2019 06:30,0.00E+00,0.00E+00
02/03/2019 06:45,0.00E+00,0.00E+00
02/03/2019 07:00,0.00E+00,0.00E+00
02/03/2019 07:15,0.00E+00,0.00E+00
02/03/2019 07:30,0.00E+00,0.00E+00
02/03/2019 07:45,0.00E+00,0.00E+00
02/03/2019 08:00,0.00E+00,0.00E+00
02/03/2019 08:15,0.00E+00,0.00E+00
02/03/2019 08:30,0.00E+00,0.00E+00
02/03/2019 08:45,0.00E+00,0.00E+00
02/03/2019 09:00,0.00E+00,0.00E+00
02/03/2019 09:15,0.00E+00,0.00E+00
02/03/2019 09:30,0.00E+00,0.00E+00
02/03/2019 09:45,0.00E+00,0.00E+00
02/03/2019 10:00,2.25E+00,1.27E+00
02/03/2019 10:15,3.00E+00,1.00E+00
02/03/2019 10:30,7.48E+00,3.33E-01
02/03/2019 10:45,1.03E+01,9.68E-01
02/03/2019 11:00,2.19E+01,1.33E+00
02/03/2019 11:15,2.57E+01,1.00E+00
02/03/2019 11:30,3.20E+01,1.00E+00
02/03/2019 11:45,3.20E+01,1.00E+00
02/03/2019 12:00,3.14E+01,1.00E+00
02/03/2019 12:15,2.96E+01,1.00E+00
02/03/2019 12:30,2.97E+01,1.00E+00
02/03/2019 12:45,3.50E+01,1.00E+00
02/03/2019 13:00,3.24E+01,1.50E+00
02/03/2019 13:15,2.64E+01,2.00E+00
02/03/2019 13:30,2.50E+01,2.00E+00
02/03/2019 13:45,2.18E+01,2.00E+00
02/03/2019 14:00,1.37E+01,2.00E+00
02/03/2019 14:15,1.20E+01,2.00E+00
02/03/2019 14:30,1.92E+00,2.00E+00
02/03/2019 14:45,2.33E+00,2.00E+00
02/03/2019 15:00,9.55E+00,2.00E+00
02/03/2019 15:15,2.69E+01,2.00E+00
02/03/2019 15:30,2.57E+01,2.67E+00
02/03/2019 15:45,3.21E+01,2.00E+00
02/03/2019 16:00,3.47E+01,2.00E+00
02/03/2019 16:15,2.96E+01,2.00E+00
02/03/2019 16:30,2.93E+01,2.00E+00
02/03/2019 16:45,3.59E+01,2.00E+00
02/03/2019 17:00,4.38E+01,2.00E+00
02/03/2019 17:15,4.60E+01,2.00E+00
02/03/2019 17:30,4.40E+01,2.00E+00
02/03/2019 17:45,3.84E+01,1.67E+00
02/03/2019 18:00,3.50E+01,1.00E+00
02/03/2019 18:15,2.40E+01,1.00E+00
02/03/2019 18:30,1.79E+01,1.00E+00
02/03/2019 18:45,1.29E+01,1.00E+00
02/03/2019 19:00,1.30E+01,1.00E+00
02/03/2019 19:15,1.40E+01,1.00E+00
02/03/2019 19:30,1.60E+01,1.00E+00
02/03/2019 19:45,1.40E+01,1.00E+00
02/03/2019 20:00,1.40E+01,1.00E+00
02/03/2019 20:15,1.30E+01,1.00E+00
02/03/2019 20:30,1.23E+01,1.00E+00
02/03/2019 20:45,1.10E+01,1.00E+00
02/03/2019 21:00,9.00E+00,1.00E+00
02/03/2019 21:15,0.00E+00,1.00E+00
02/03/2019 21:30,0.00E+00,1.00E+00
02/03/2019 21:45,0.00E+00,1.00E+00
02/03/2019 22:00,0.00E+00,1.00E+00
02/03/2019 22:15,0.00E+00,1.00E+00
02/03/2019 22:30,0.00E+00,1.00E+00
02/03/2019 22:45,0.00E+00,1.00E+00
02/03/2019 23:00,0.00E+00,1.00E+00
02/03/2019 23:15,0.00E+00,1.00E+00
02/03/2019 23:30,0.00E+00,1.00E+00
02/03/2019 23:45,0.00E+00,1.00E+00
03/03/2019 00:00,0.00E+00,1.00E+00
03/03/2019 00:15,0.00E+00,1.00E+00
03/03/2019 00:30,0.00E+00,1.00E+00
03/03/2019 00:45,0.00E+00,1.00E+00
03/03/2019 01:00,0.00E+00,1.00E+00
03/03/2019 01:15,0.00E+00,1.00E+00
03/03/2019 01:30,0.00E+00,1.00E+00
03/03/2019 01:45,0.00E+00,1.00E+00
03/03/2019 02:00,0.00E+00,1.00E+00
03/03/2019 02:15,0.00E+00,1.00E+00
03/03/2019 02:30,0.00E+00,1.00E+00
03/03/2019 02:45,0.00E+00,1.00E+00
03/03/2019 03:00,0.00E+00,1.00E+00
03/03/2019 03:15,0.00E+00,1.00E+00
03/03/2019 03:30,0.00E+00,1.00E+00
03/03/2019 03:45,0.00E+00,1.00E+00
03/03/2019 04:00,0.00E+00,1.00E+00
03/03/2019 04:15,0.00E+00,1.00E+00
03/03/2019 04:30,0.00E+00,1.00E+00
03/03/2019 04:45,0.00E+00,1.00E+00
03/03/2019 05:00,0.00E+00,1.00E+00
03/03/2019 05:15,0.00E+00,1.00E+00
03/03/2019 05:30,0.00E+00,1.00E+00
03/03/2019 05:45,0.00E+00,1.00E+00
03/03/2019 06:00,0.00E+00,1.00E+00
03/03/2019 06:15,0.00E+00,1.00E+00
03/03/2019 06:30,0.00E+00,1.00E+00
03/03/2019 06:45,0.00E+00,1.00E+00
03/03/2019 07:00,0.00E+00,1.00E+00
03/03/2019 07:15,0.00E+00,1.00E+00
03/03/2019 07:30,0.00E+00,1.00E+00
03/03/2019 07:45,0.00E+00,1.00E+00
03/03/2019 08:00,0.00E+00,1.00E+00
03/03/2019 08:15,0.00E+00,1.00E+00
03/03/2019 08:30,0.00E+00,1.00E+00
03/03/2019 08:45,0.00E+00,1.00E+00
03/03/2019 09:00,0.00E+00,1.00E+00
03/03/2019 09:15,0.00E+00,1.00E+00
03/03/2019 09:30,0.00E+00,1.00E+00
03/03/2019 09:45,0.00E+00,1.00E+00
03/03/2019 10:00,0.00E+00,1.00E+00
03/03/2019 10:15,0.00E+00,1.00E+00
03/03/2019 10:30,0.00E+00,1.00E+00
03/03/2019 10:45,0.00E+00,1.00E+00
03/03/2019 11:00,0.00E+00,1.00E+00
03/03/2019 11:15,0.00E+00,1.00E+00
03/03/2019 11:30,0.00E+00,1.00E+00
03/03/2019 11:45,0.00E+00,1.00E+00
03/03/2019 12:00,0.00E+00,1.00E+00
03/03/2019 12:15,0.00E+00,1.00E+00
03/03/2019 12:30,0.00E+00,1.00E+00
03/03/2019 12:45,0.00E+00,1.00E+00
03/03/2019 13:00,0.00E+00,1.00E+00
03/03/2019 13:15,0.00E+00,1.00E+00
03/03/2019 13:30,0.00E+00,1.00E+00
03/03/2019 13:45,0.00E+00,1.00E+00
03/03/2019 14:00,0.00E+00,1.00E+00
03/03/2019 14:15,0.00E+00,1.00E+00
03/03/2019 14:30,0.00E+00,1.00E+00
03/03/2019 14:45,0.00E+00,1.00E+00
03/03/2019 15:00,0.00E+00,1.00E+00
03/03/2019 15:15,0.00E+00,1.00E+00
03/03/2019 15:30,0.00E+00,1.00E+00
03/03/2019 15:45,0.00E+00,1.00E+00
03/03/2019 16:00,0.00E+00,1.00E+00
03/03/2019 16:15,0.00E+00,1.00E+00
03/03/2019 16:30,0.00E+00,1.00E+00
03/03/2019 16:45,0.00E+00,1.00E+00
03/03/2019 17:00,0.00E+00,1.00E+00
03/03/2019 17:15,NaN,1.00E+00
03/03/2019 17:30,NaN,1.00E+00
03/03/2019 17:45,0.00E+00,1.00E+00
03/03/2019 18:00,0.00E+00,1.00E+00
03/03/2019 18:15,0.00E+00,1.00E+00
03/03/2019 18:30,0.00E+00,1.00E+00
03/03/2019 18:45,0.00E+00,1.00E+00
03/03/2019 19:00,0.00E+00,1.00E+00
03/03/2019 19:15,0.00E+00,1.00E+00
03/03/2019 19:30,0.00E+00,1.00E+00
03/03/2019 19:45,0.00E+00,1.00E+00
03/03/2019 20:00,0.00E+00,1.00E+00
03/03/2019 20:15,0.00E+00,1.00E+00
03/03/2019 20:30,0.00E+00,1.00E+00
03/03/2019 20:45,0.00E+00,1.00E+00
03/03/2019 21:00,3.33E-01,1.00E+00
03/03/2019 21:15,0.00E+00,1.00E+00
03/03/2019 21:30,4.97E-01,1.00E+00
03/03/2019 21:45,2.22E-03,1.00E+00
03/03/2019 22:00,3.33E-01,1.00E+00
03/03/2019 22:15,0.00E+00,1.00E+00
03/03/2019 22:30,0.00E+00,1.00E+00
03/03/2019 22:45,0.00E+00,1.00E+00
03/03/2019 23:00,0.00E+00,1.00E+00
03/03/2019 23:15,0.00E+00,1.00E+00
03/03/2019 23:30,0.00E+00,1.00E+00
03/03/2019 23:45,0.00E+00,1.00E+00
04/03/2019 00:00,0.00E+00,1.00E+00
04/03/2019 00:15,0.00E+00,1.00E+00
04/03/2019 00:30,0.00E+00,1.00E+00
04/03/2019 00:45,0.00E+00,1.00E+00
04/03/2019 01:00,0.00E+00,1.00E+00
04/03/2019 01:15,0.00E+00,1.00E+00
04/03/2019 01:30,0.00E+00,1.00E+00
04/03/2019 01:45,0.00E+00,1.00E+00
04/03/2019 02:00,0.00E+00,1.00E+00
04/03/2019 02:15,0.00E+00,1.00E+00
04/03/2019 02:30,0.00E+00,1.00E+00
04/03/2019 02:45,0.00E+00,1.00E+00
04/03/2019 03:00,0.00E+00,1.00E+00
04/03/2019 03:15,0.00E+00,1.00E+00
04/03/2019 03:30,0.00E+00,1.00E+00
04/03/2019 03:45,0.00E+00,1.00E+00
04/03/2019 04:00,0.00E+00,1.00E+00
04/03/2019 04:15,0.00E+00,NaN
04/03/2019 04:30,0.00E+00,1.00E+00
04/03/2019 04:45,0.00E+00,1.00E+00
04/03/2019 05:00,0.00E+00,1.00E+00
04/03/2019 05:15,0.00E+00,1.00E+00
04/03/2019 05:30,0.00E+00,1.00E+00
04/03/2019 05:45,0.00E+00,1.00E+00
04/03/2019 06:00,0.00E+00,1.00E+00
04/03/2019 06:15,0.00E+00,1.00E+00
04/03/2019 06:30,0.00E+00,1.00E+00
04/03/2019 06:45,0.00E+00,1.00E+00
04/03/2019 07:00,0.00E+00,1.00E+00
04/03/2019 07:15,0.00E+00,1.00E+00
04/03/2019 07:30,3.32E-01,1.00E+00
04/03/2019 07:45,0.00E+00,1.00E+00
04/03/2019 08:00,0.00E+00,1.00E+00
04/03/2019 08:15,0.00E+00,1.00E+00
04/03/2019 08:30,0.00E+00,1.00E+00
04/03/2019 08:45,0.00E+00,1.00E+00
04/03/2019 09:00,0.00E+00,1.00E+00
04/03/2019 09:15,0.00E+00,1.00E+00
04/03/2019 09:30,3.47E-01,1.00E+00
04/03/2019 09:45,0.00E+00,1.00E+00
04/03/2019 10:00,0.00E+00,1.00E+00
04/03/2019 10:15,0.00E+00,1.00E+00
04/03/2019 10:30,3.19E-01,1.00E+00
04/03/2019 10:45,6.67E-01,1.00E+00
04/03/2019 11:00,0.00E+00,1.00E+00
04/03/2019 11:15,3.36E-01,1.00E+00
04/03/2019 11:30,3.19E-01,1.33E+00
04/03/2019 11:45,3.33E-01,2.00E+00
04/03/2019 12:00,9.93E-01,1.00E+00
04/03/2019 12:15,1.00E+00,1.00E+00
04/03/2019 12:30,0.00E+00,1.00E+00
04/03/2019 12:45,6.64E-01,1.00E+00
04/03/2019 13:00,6.68E-01,1.32E+00
04/03/2019 13:15,1.00E+00,1.02E+00
04/03/2019 13:30,1.00E+00,1.00E+00
04/03/2019 13:45,1.00E+00,1.00E+00
04/03/2019 14:00,1.00E+00,1.00E+00
04/03/2019 14:15,1.00E+00,1.00E+00
04/03/2019 14:30,1.00E+00,1.00E+00
04/03/2019 14:45,1.00E+00,1.00E+00
04/03/2019 15:00,2.61E+00,1.00E+00
04/03/2019 15:15,2.66E+00,1.00E+00
04/03/2019 15:30,3.65E+00,1.00E+00
04/03/2019 15:45,4.00E+00,1.00E+00
04/03/2019 16:00,4.00E+00,1.00E+00
04/03/2019 16:15,4.30E+00,1.00E+00
04/03/2019 16:30,4.36E+00,1.00E+00
04/03/2019 16:45,4.71E+00,1.00E+00
04/03/2019 17:00,3.71E+00,1.33E+00
04/03/2019 17:15,4.63E+00,1.00E+00
04/03/2019 17:30,3.73E+00,1.00E+00
04/03/2019 17:45,1.32E+00,1.00E+00
04/03/2019 18:00,1.05E+00,1.00E+00
04/03/2019 18:15,1.39E+00,1.00E+00
04/03/2019 18:30,5.87E-01,1.67E+00
04/03/2019 18:45,7.29E-01,1.68E+00
04/03/2019 19:00,6.64E-01,1.34E+00
04/03/2019 19:15,0.00E+00,1.00E+00
04/03/2019 19:30,0.00E+00,1.00E+00
04/03/2019 19:45,0.00E+00,1.00E+00
04/03/2019 20:00,0.00E+00,1.00E+00
04/03/2019 20:15,3.32E-01,1.00E+00
04/03/2019 20:30,0.00E+00,1.00E+00
04/03/2019 20:45,1.35E+00,1.00E+00
04/03/2019 21:00,1.35E+00,1.00E+00
04/03/2019 21:15,3.33E-03,1.00E+00
04/03/2019 21:30,3.32E-01,1.00E+00
04/03/2019 21:45,6.98E-01,1.00E+00
04/03/2019 22:00,9.83E-01,1.00E+00
04/03/2019 22:15,1.00E+00,1.00E+00
04/03/2019 22:30,2.00E+00,1.00E+00
04/03/2019 22:45,1.02E+00,1.00E+00
04/03/2019 23:00,6.67E-01,1.00E+00
04/03/2019 23:15,6.67E-01,1.00E+00
04/03/2019 23:30,6.50E-01,1.00E+00
04/03/2019 23:45,0.00E+00,1.00E+00
05/03/2019 00:00,0.00E+00,1.00E+00
05/03/2019 00:15,3.03E-01,1.00E+00
05/03/2019 00:30,3.62E-01,1.00E+00
05/03/2019 00:45,0.00E+00,1.00E+00
05/03/2019 01:00,0.00E+00,1.00E+00
05/03/2019 01:15,0.00E+00,1.00E+00
05/03/2019 01:30,0.00E+00,1.00E+00
05/03/2019 01:45,0.00E+00,1.00E+00
05/03/2019 02:00,0.00E+00,1.00E+00
05/03/2019 02:15,0.00E+00,1.00E+00
05/03/2019 02:30,0.00E+00,1.00E+00
05/03/2019 02:45,0.00E+00,1.00E+00
05/03/2019 03:00,0.00E+00,1.00E+00
05/03/2019 03:15,0.00E+00,1.00E+00
05/03/2019 03:30,0.00E+00,1.00E+00
05/03/2019 03:45,0.00E+00,1.00E+00
05/03/2019 04:00,0.00E+00,1.00E+00
05/03/2019 04:15,0.00E+00,1.00E+00
05/03/2019 04:30,0.00E+00,1.00E+00
05/03/2019 04:45,0.00E+00,1.00E+00
05/03/2019 05:00,0.00E+00,1.00E+00
05/03/2019 05:15,0.00E+00,1.00E+00
05/03/2019 05:30,0.00E+00,1.00E+00
05/03/2019 05:45,0.00E+00,1.00E+00
05/03/2019 06:00,0.00E+00,1.00E+00
05/03/2019 06:15,0.00E+00,1.00E+00
05/03/2019 06:30,0.00E+00,1.00E+00
05/03/2019 06:45,0.00E+00,1.00E+00
05/03/2019 07:00,0.00E+00,1.00E+00
05/03/2019 07:15,0.00E+00,1.00E+00
05/03/2019 07:30,0.00E+00,1.00E+00
05/03/2019 07:45,0.00E+00,1.00E+00
05/03/2019 08:00,0.00E+00,1.00E+00
05/03/2019 08:15,0.00E+00,1.00E+00
05/03/2019 08:30,0.00E+00,1.00E+00
05/03/2019 08:45,0.00E+00,1.00E+00
05/03/2019 09:00,0.00E+00,1.00E+00
05/03/2019 09:15,0.00E+00,1.00E+00
05/03/2019 09:30,0.00E+00,1.00E+00
05/03/2019 09:45,0.00E+00,1.00E+00
05/03/2019 10:00,0.00E+00,1.00E+00
05/03/2019 10:15,0.00E+00,1.00E+00
05/03/2019 10:30,0.00E+00,1.00E+00
05/03/2019 10:45,0.00E+00,1.00E+00
05/03/2019 11:00,0.00E+00,1.00E+00
05/03/2019 11:15,0.00E+00,1.00E+00
05/03/2019 11:30,0.00E+00,1.00E+00
05/03/2019 11:45,0.00E+00,1.00E+00
05/03/2019 12:00,0.00E+00,1.00E+00
05/03/2019 12:15,0.00E+00,1.00E+00
05/03/2019 12:30,0.00E+00,1.00E+00
05/03/2019 12:45,0.00E+00,1.00E+00
05/03/2019 13:00,0.00E+00,1.00E+00
05/03/2019 13:15,0.00E+00,1.00E+00
05/03/2019 13:30,6.50E-01,1.00E+00
05/03/2019 13:45,0.00E+00,1.00E+00
05/03/2019 14:00,0.00E+00,1.00E+00
05/03/2019 14:15,0.00E+00,1.00E+00
05/03/2019 14:30,2.92E-01,1.00E+00
05/03/2019 14:45,2.89E-02,1.00E+00
05/03/2019 15:00,0.00E+00,1.00E+00
05/03/2019 15:15,3.31E-01,1.00E+00
05/03/2019 15:30,3.33E-01,1.00E+00
05/03/2019 15:45,0.00E+00,1.00E+00
05/03/2019 16:00,0.00E+00,1.00E+00
05/03/2019 16:15,1.00E+00,1.00E+00
05/03/2019 16:30,1.29E+00,1.00E+00
05/03/2019 16:45,4.06E-01,1.00E+00
05/03/2019 17:00,6.36E-01,1.00E+00
05/03/2019 17:15,1.00E+00,1.00E+00
05/03/2019 17:30,1.00E+00,1.00E+00
05/03/2019 17:45,1.00E+00,1.00E+00
05/03/2019 18:00,2.78E-02,1.00E+00
05/03/2019 18:15,1.99E+00,1.00E+00
05/03/2019 18:30,1.00E+00,1.00E+00
05/03/2019 18:45,1.00E+00,1.00E+00
05/03/2019 19:00,1.00E+00,1.00E+00
05/03/2019 19:15,1.00E+00,1.00E+00
05/03/2019 19:30,3.33E-01,1.00E+00
05/03/2019 19:45,0.00E+00,1.00E+00
05/03/2019 20:00,0.00E+00,1.00E+00
05/03/2019 20:15,3.07E-01,1.00E+00
05/03/2019 20:30,6.82E-01,1.00E+00
05/03/2019 20:45,1.00E+00,1.00E+00
05/03/2019 21:00,5.00E-01,1.00E+00
05/03/2019 21:15,0.00E+00,1.00E+00
05/03/2019 21:30,0.00E+00,1.00E+00
05/03/2019 21:45,0.00E+00,1.00E+00
05/03/2019 22:00,1.00E+00,1.00E+00
05/03/2019 22:15,0.00E+00,1.00E+00
05/03/2019 22:30,1.66E+00,1.00E+00
05/03/2019 22:45,3.70E-01,1.00E+00
05/03/2019 23:00,3.62E-01,1.00E+00
05/03/2019 23:15,3.43E-01,1.00E+00
05/03/2019 23:30,6.36E-01,1.00E+00
05/03/2019 23:45,0.00E+00,1.00E+00
06/03/2019 00:00,3.18E-01,1.00E+00
06/03/2019 00:15,1.00E+00,1.00E+00
06/03/2019 00:30,0.00E+00,1.00E+00
06/03/2019 00:45,0.00E+00,1.00E+00
06/03/2019 01:00,0.00E+00,1.00E+00
06/03/2019 01:15,0.00E+00,1.00E+00
06/03/2019 01:30,0.00E+00,1.00E+00
06/03/2019 01:45,0.00E+00,1.00E+00
06/03/2019 02:00,0.00E+00,1.00E+00
06/03/2019 02:15,0.00E+00,1.00E+00
06/03/2019 02:30,0.00E+00,1.00E+00
06/03/2019 02:45,0.00E+00,1.00E+00
06/03/2019 03:00,0.00E+00,1.00E+00
06/03/2019 03:15,0.00E+00,1.00E+00
06/03/2019 03:30,0.00E+00,1.00E+00
06/03/2019 03:45,NaN,NaN
06/03/2019 04:00,NaN,NaN
06/03/2019 04:15,NaN,NaN
06/03/2019 04:30,NaN,NaN
06/03/2019 04:45,NaN,NaN
06/03/2019 05:00,NaN,NaN
06/03/2019 05:15,NaN,NaN
06/03/2019 05:30,NaN,NaN
06/03/2019 05:45,NaN,NaN
06/03/2019 06:00,NaN,NaN
06/03/2019 06:15,NaN,NaN
06/03/2019 06:30,NaN,NaN
06/03/2019 06:45,NaN,NaN
06/03/2019 07:00,NaN,NaN
06/03/2019 07:15,NaN,NaN
06/03/2019 07:30,NaN,NaN
06/03/2019 07:45,NaN,NaN
06/03/2019 08:00,NaN,NaN
06/03/2019 08:15,NaN,NaN
06/03/2019 08:30,NaN,NaN
06/03/2019 08:45,NaN,NaN
06/03/2019 09:00,NaN,NaN
06/03/2019 09:15,NaN,NaN
06/03/2019 09:30,NaN,NaN
06/03/2019 09:45,NaN,NaN
06/03/2019 10:00,2.70E+01,NaN
06/03/2019 10:15,3.73E+01,2.33E+00
06/03/2019 10:30,4.13E+01,3.00E+00
06/03/2019 10:45,4.86E+01,NaN
06/03/2019 11:00,5.07E+01,1.00E+00
06/03/2019 11:15,3.86E+01,1.00E+00
06/03/2019 11:30,3.27E+01,1.66E+00
06/03/2019 11:45,4.00E+01,1.00E+00
06/03/2019 12:00,NaN,1.33E+00
06/03/2019 12:15,7.39E+01,1.00E+00
06/03/2019 12:30,7.93E+01,1.00E+00
06/03/2019 12:45,8.20E+01,1.00E+00
06/03/2019 13:00,7.40E+01,1.00E+00
06/03/2019 13:15,5.23E+01,1.00E+00
06/03/2019 13:30,4.76E+01,1.00E+00
06/03/2019 13:45,5.27E+01,1.35E+00
06/03/2019 14:00,5.62E+01,1.00E+00
06/03/2019 14:15,5.23E+01,2.27E+00
06/03/2019 14:30,5.57E+01,1.00E+00
06/03/2019 14:45,5.92E+01,1.68E+00
06/03/2019 15:00,6.36E+01,1.34E+00
06/03/2019 15:15,8.70E+01,2.67E+00
06/03/2019 15:30,9.40E+01,1.00E+00
06/03/2019 15:45,9.39E+01,1.33E+00
06/03/2019 16:00,9.60E+01,1.34E+00
06/03/2019 16:15,6.80E+01,1.00E+00
06/03/2019 16:30,4.35E+01,1.00E+00
06/03/2019 16:45,4.10E+01,2.00E+00
06/03/2019 17:00,4.53E+01,1.00E+00
06/03/2019 17:15,4.20E+01,1.00E+00
06/03/2019 17:30,5.17E+01,2.00E+00
06/03/2019 17:45,3.85E+01,2.00E+00
06/03/2019 18:00,5.97E+01,2.00E+00
06/03/2019 18:15,9.17E+01,2.00E+00
06/03/2019 18:30,9.40E+01,3.01E+00
06/03/2019 18:45,9.69E+01,2.00E+00
06/03/2019 19:00,9.77E+01,2.35E+00
06/03/2019 19:15,8.38E+01,2.33E+00
06/03/2019 19:30,3.51E+01,1.68E+00
06/03/2019 19:45,7.04E+00,1.00E+00
06/03/2019 20:00,4.00E+00,1.00E+00
06/03/2019 20:15,3.07E+00,1.00E+00
06/03/2019 20:30,1.33E+00,1.00E+00
06/03/2019 20:45,1.72E+00,1.00E+00
06/03/2019 21:00,6.50E-01,1.00E+00
06/03/2019 21:15,1.00E+00,1.00E+00
06/03/2019 21:30,1.00E+00,1.00E+00
06/03/2019 21:45,1.00E+00,1.00E+00
06/03/2019 22:00,1.32E+00,1.00E+00
06/03/2019 22:15,1.69E+00,1.00E+00
06/03/2019 22:30,1.67E+00,1.00E+00
06/03/2019 22:45,1.33E+00,1.00E+00
06/03/2019 23:00,1.35E+00,1.00E+00
06/03/2019 23:15,1.32E+00,1.00E+00
06/03/2019 23:30,3.38E-01,1.00E+00
06/03/2019 23:45,0.00E+00,1.00E+00
07/03/2019 00:00,0.00E+00,1.00E+00
07/03/2019 00:15,3.33E-01,1.00E+00
07/03/2019 00:30,0.00E+00,1.00E+00
07/03/2019 00:45,0.00E+00,1.00E+00
07/03/2019 01:00,0.00E+00,1.00E+00
07/03/2019 01:15,0.00E+00,1.00E+00
07/03/2019 01:30,0.00E+00,1.00E+00
07/03/2019 01:45,0.00E+00,1.00E+00
07/03/2019 02:00,3.16E-01,1.00E+00
07/03/2019 02:15,6.67E-01,1.00E+00
07/03/2019 02:30,0.00E+00,1.00E+00
07/03/2019 02:45,0.00E+00,1.00E+00
07/03/2019 03:00,0.00E+00,1.00E+00
07/03/2019 03:15,0.00E+00,1.00E+00
07/03/2019 03:30,0.00E+00,1.00E+00
07/03/2019 03:45,0.00E+00,1.00E+00
07/03/2019 04:00,0.00E+00,1.00E+00
07/03/2019 04:15,0.00E+00,1.00E+00
07/03/2019 04:30,0.00E+00,1.00E+00
07/03/2019 04:45,0.00E+00,1.00E+00
07/03/2019 05:00,0.00E+00,1.00E+00
07/03/2019 05:15,0.00E+00,1.00E+00
07/03/2019 05:30,0.00E+00,1.00E+00
07/03/2019 05:45,0.00E+00,1.00E+00
07/03/2019 06:00,0.00E+00,1.00E+00
07/03/2019 06:15,0.00E+00,1.00E+00
07/03/2019 06:30,0.00E+00,1.00E+00
07/03/2019 06:45,0.00E+00,1.00E+00
07/03/2019 07:00,0.00E+00,1.00E+00
07/03/2019 07:15,0.00E+00,1.00E+00
07/03/2019 07:30,0.00E+00,1.00E+00
07/03/2019 07:45,0.00E+00,1.00E+00
07/03/2019 08:00,0.00E+00,1.00E+00
07/03/2019 08:15,0.00E+00,1.00E+00
07/03/2019 08:30,0.00E+00,1.00E+00
07/03/2019 08:45,0.00E+00,1.00E+00
07/03/2019 09:00,1.32E+00,1.00E+00
07/03/2019 09:15,1.99E+00,1.34E+00
07/03/2019 09:30,6.33E+00,1.00E+00
07/03/2019 09:45,1.35E+01,1.00E+00
07/03/2019 10:00,2.09E+01,1.00E+00
07/03/2019 10:15,2.53E+01,1.00E+00
07/03/2019 10:30,2.40E+01,1.00E+00
07/03/2019 10:45,3.78E+01,1.00E+00
07/03/2019 11:00,5.74E+01,1.29E+00
07/03/2019 11:15,7.11E+01,2.64E+00
07/03/2019 11:30,7.84E+01,3.00E+00
07/03/2019 11:45,7.80E+01,2.00E+00
07/03/2019 12:00,6.65E+01,1.68E+00
07/03/2019 12:15,6.37E+01,1.67E+00
07/03/2019 12:30,7.63E+01,2.33E+00
07/03/2019 12:45,7.40E+01,2.33E+00
07/03/2019 13:00,3.10E+01,1.03E+00
07/03/2019 13:15,2.94E+01,1.00E+00
07/03/2019 13:30,3.83E+01,1.00E+00
07/03/2019 13:45,4.20E+01,2.22E-03
07/03/2019 14:00,3.00E+01,0.00E+00
07/03/2019 14:15,4.84E+01,2.90E-01
07/03/2019 14:30,5.21E+01,6.36E-01
07/03/2019 14:45,6.17E+01,1.36E+00
07/03/2019 15:00,6.88E+01,3.33E+00
07/03/2019 15:15,6.60E+01,2.34E+00
07/03/2019 15:30,7.10E+01,2.00E+00
07/03/2019 15:45,8.80E+01,2.00E+00
07/03/2019 16:00,8.47E+01,2.33E+00
07/03/2019 16:15,1.02E+02,1.68E+00
07/03/2019 16:30,1.13E+02,1.00E+00
07/03/2019 16:45,1.05E+02,1.00E+00
07/03/2019 17:00,9.77E+01,1.00E+00
07/03/2019 17:15,8.23E+01,1.00E+00
07/03/2019 17:30,7.80E+01,1.00E+00
07/03/2019 17:45,7.89E+01,1.00E+00
07/03/2019 18:00,8.81E+01,1.00E+00
07/03/2019 18:15,8.60E+01,1.00E+00
07/03/2019 18:30,9.73E+01,2.00E+00
07/03/2019 18:45,7.15E+01,1.03E+00
07/03/2019 19:00,6.43E+01,1.00E+00
07/03/2019 19:15,4.50E+01,2.33E+00
07/03/2019 19:30,2.80E+01,2.03E+00
07/03/2019 19:45,3.00E+01,1.00E+00
07/03/2019 20:00,4.67E+00,1.00E+00
07/03/2019 20:15,3.03E+00,1.00E+00
07/03/2019 20:30,1.38E+00,1.00E+00
07/03/2019 20:45,1.30E+00,1.00E+00
07/03/2019 21:00,1.99E+00,1.00E+00
07/03/2019 21:15,5.78E-02,1.00E+00
07/03/2019 21:30,2.57E+00,1.00E+00
07/03/2019 21:45,1.33E+00,1.00E+00
07/03/2019 22:00,3.33E-01,1.00E+00
07/03/2019 22:15,0.00E+00,1.00E+00
07/03/2019 22:30,0.00E+00,1.00E+00
07/03/2019 22:45,0.00E+00,1.00E+00
07/03/2019 23:00,7.09E-01,1.00E+00
07/03/2019 23:15,1.28E+00,1.00E+00
07/03/2019 23:30,0.00E+00,1.00E+00
07/03/2019 23:45,0.00E+00,1.00E+00
08/03/2019 00:00,3.31E-01,1.00E+00
08/03/2019 00:15,2.22E-03,1.00E+00
08/03/2019 00:30,0.00E+00,1.00E+00
08/03/2019 00:45,0.00E+00,1.00E+00
08/03/2019 01:00,0.00E+00,1.00E+00
08/03/2019 01:15,0.00E+00,1.00E+00
08/03/2019 01:30,0.00E+00,1.00E+00
08/03/2019 01:45,0.00E+00,1.00E+00
08/03/2019 02:00,0.00E+00,1.00E+00
08/03/2019 02:15,0.00E+00,1.00E+00
08/03/2019 02:30,0.00E+00,1.00E+00
08/03/2019 02:45,0.00E+00,1.00E+00
08/03/2019 03:00,0.00E+00,1.00E+00
08/03/2019 03:15,0.00E+00,1.00E+00
08/03/2019 03:30,0.00E+00,1.00E+00
08/03/2019 03:45,0.00E+00,1.00E+00
08/03/2019 04:00,0.00E+00,1.00E+00
08/03/2019 04:15,0.00E+00,1.00E+00
08/03/2019 04:30,0.00E+00,1.00E+00
08/03/2019 04:45,0.00E+00,1.00E+00
08/03/2019 05:00,0.00E+00,1.00E+00
08/03/2019 05:15,0.00E+00,1.00E+00
08/03/2019 05:30,0.00E+00,1.00E+00
08/03/2019 05:45,0.00E+00,1.00E+00
08/03/2019 06:00,0.00E+00,1.00E+00
08/03/2019 06:15,0.00E+00,1.00E+00
08/03/2019 06:30,0.00E+00,1.00E+00
08/03/2019 06:45,0.00E+00,1.00E+00
08/03/2019 07:00,0.00E+00,1.00E+00
08/03/2019 07:15,0.00E+00,3.49E-01
08/03/2019 07:30,0.00E+00,0.00E+00
08/03/2019 07:45,0.00E+00,0.00E+00
08/03/2019 08:00,0.00E+00,0.00E+00
08/03/2019 08:15,0.00E+00,0.00E+00
08/03/2019 08:30,0.00E+00,0.00E+00
08/03/2019 08:45,1.50E+00,0.00E+00
08/03/2019 09:00,6.66E+00,0.00E+00
08/03/2019 09:15,1.83E+01,3.33E-01
08/03/2019 09:30,2.67E+01,3.33E-01
08/03/2019 09:45,4.00E+01,0.00E+00
08/03/2019 10:00,4.73E+01,3.31E-01
08/03/2019 10:15,6.06E+01,1.00E+00
08/03/2019 10:30,7.08E+01,0.00E+00
08/03/2019 10:45,6.00E+01,1.00E+00
08/03/2019 11:00,4.97E+01,3.33E-01
08/03/2019 11:15,4.50E+01,0.00E+00
08/03/2019 11:30,5.47E+01,0.00E+00
08/03/2019 11:45,5.71E+01,2.04E+00
08/03/2019 12:00,5.47E+01,3.19E-01
08/03/2019 12:15,5.79E+01,1.89E-02
08/03/2019 12:30,2.45E+01,0.00E+00
08/03/2019 12:45,1.80E+01,0.00E+00
08/03/2019 13:00,1.40E+01,0.00E+00
08/03/2019 13:15,1.63E+01,0.00E+00
08/03/2019 13:30,1.53E+01,0.00E+00
08/03/2019 13:45,1.63E+01,6.69E-01
08/03/2019 14:00,1.67E+01,0.00E+00
08/03/2019 14:15,2.17E+01,0.00E+00
08/03/2019 14:30,2.61E+01,0.00E+00
08/03/2019 14:45,4.03E+01,2.92E-01
08/03/2019 15:00,3.69E+01,3.11E-02
08/03/2019 15:15,4.65E+01,9.84E-01
08/03/2019 15:30,5.07E+01,1.28E+00
08/03/2019 15:45,6.69E+01,3.91E-01
08/03/2019 16:00,7.69E+01,6.67E-01
08/03/2019 16:15,7.00E+01,3.33E-01
08/03/2019 16:30,6.75E+01,1.00E+00
08/03/2019 16:45,8.96E+01,3.33E-01
08/03/2019 17:00,9.83E+01,0.00E+00
08/03/2019 17:15,9.81E+01,0.00E+00
08/03/2019 17:30,9.40E+01,0.00E+00
08/03/2019 17:45,5.60E+01,0.00E+00
08/03/2019 18:00,4.87E+01,3.31E-01
08/03/2019 18:15,2.47E+01,3.36E-01
08/03/2019 18:30,7.67E+00,1.00E+00
08/03/2019 18:45,8.57E+00,1.00E+00
08/03/2019 19:00,1.27E+01,1.00E+00
08/03/2019 19:15,1.53E+01,1.00E+00
08/03/2019 19:30,1.47E+01,1.00E+00
08/03/2019 19:45,1.27E+01,1.00E+00
08/03/2019 20:00,1.10E+01,1.00E+00
08/03/2019 20:15,1.03E+01,1.00E+00
08/03/2019 20:30,4.12E+00,3.49E-01
08/03/2019 20:45,1.97E+00,0.00E+00
08/03/2019 21:00,1.76E+00,0.00E+00
08/03/2019 21:15,0.00E+00,0.00E+00
08/03/2019 21:30,3.50E-01,0.00E+00
08/03/2019 21:45,3.31E-01,0.00E+00
08/03/2019 22:00,3.34E-01,0.00E+00
08/03/2019 22:15,6.62E-01,0.00E+00
08/03/2019 22:30,2.00E+00,0.00E+00
08/03/2019 22:45,0.00E+00,0.00E+00
08/03/2019 23:00,9.83E-01,0.00E+00
08/03/2019 23:15,3.36E-01,0.00E+00
08/03/2019 23:30,3.36E-01,0.00E+00
08/03/2019 23:45,3.32E-01,3.34E-01
09/03/2019 00:00,3.60E-01,0.00E+00
09/03/2019 00:15,6.67E-01,0.00E+00
09/03/2019 00:30,0.00E+00,0.00E+00
09/03/2019 00:45,0.00E+00,0.00E+00
09/03/2019 01:00,0.00E+00,9.98E-01
09/03/2019 01:15,0.00E+00,1.00E+00
09/03/2019 01:30,0.00E+00,1.00E+00
09/03/2019 01:45,0.00E+00,1.00E+00
09/03/2019 02:00,0.00E+00,1.00E+00
09/03/2019 02:15,0.00E+00,1.00E+00
09/03/2019 02:30,0.00E+00,1.00E+00
09/03/2019 02:45,0.00E+00,1.00E+00
09/03/2019 03:00,3.33E-01,1.00E+00
09/03/2019 03:15,3.00E-02,1.00E+00
09/03/2019 03:30,0.00E+00,1.00E+00
09/03/2019 03:45,0.00E+00,1.00E+00
09/03/2019 04:00,0.00E+00,1.00E+00
09/03/2019 04:15,0.00E+00,1.00E+00
09/03/2019 04:30,0.00E+00,1.00E+00
09/03/2019 04:45,0.00E+00,1.00E+00
09/03/2019 05:00,0.00E+00,1.00E+00
09/03/2019 05:15,0.00E+00,1.00E+00
09/03/2019 05:30,0.00E+00,1.00E+00
09/03/2019 05:45,0.00E+00,1.00E+00
09/03/2019 06:00,0.00E+00,1.00E+00
09/03/2019 06:15,0.00E+00,1.00E+00
09/03/2019 06:30,0.00E+00,1.00E+00
09/03/2019 06:45,0.00E+00,1.00E+00
09/03/2019 07:00,0.00E+00,1.00E+00
09/03/2019 07:15,0.00E+00,1.00E+00
09/03/2019 07:30,0.00E+00,1.00E+00
09/03/2019 07:45,0.00E+00,1.00E+00
09/03/2019 08:00,0.00E+00,1.00E+00
09/03/2019 08:15,0.00E+00,1.00E+00
09/03/2019 08:30,0.00E+00,1.00E+00
09/03/2019 08:45,0.00E+00,1.00E+00
09/03/2019 09:00,0.00E+00,1.00E+00
09/03/2019 09:15,0.00E+00,1.00E+00
09/03/2019 09:30,0.00E+00,1.00E+00
09/03/2019 09:45,0.00E+00,1.00E+00
09/03/2019 10:00,0.00E+00,1.00E+00
09/03/2019 10:15,2.93E+00,1.00E+00
09/03/2019 10:30,5.80E+00,1.63E+00
09/03/2019 10:45,1.09E+01,1.00E+00
09/03/2019 11:00,2.09E+01,1.00E+00
09/03/2019 11:15,2.83E+01,2.30E+00
09/03/2019 11:30,3.13E+01,2.33E+00
09/03/2019 11:45,3.07E+01,3.33E+00
09/03/2019 12:00,3.00E+01,3.00E+00
09/03/2019 12:15,3.03E+01,2.00E+00
09/03/2019 12:30,3.14E+01,2.00E+00
09/03/2019 12:45,2.90E+01,3.00E+00
09/03/2019 13:00,3.03E+01,3.00E+00
09/03/2019 13:15,2.87E+01,3.33E+00
09/03/2019 13:30,3.20E+01,2.00E+00
09/03/2019 13:45,3.30E+01,NaN
09/03/2019 14:00,3.42E+01,2.00E+00
09/03/2019 14:15,2.86E+01,2.00E+00
09/03/2019 14:30,1.55E+01,2.34E+00
09/03/2019 14:45,6.19E+00,2.00E+00
09/03/2019 15:00,1.03E+01,2.00E+00
09/03/2019 15:15,2.66E+01,2.92E+00
09/03/2019 15:30,2.96E+01,3.04E+00
09/03/2019 15:45,3.03E+01,2.68E+00
09/03/2019 16:00,2.97E+01,2.00E+00
09/03/2019 16:15,2.60E+01,1.99E+00
09/03/2019 16:30,2.83E+01,2.33E+00
09/03/2019 16:45,3.43E+01,1.34E+00
09/03/2019 17:00,3.40E+01,1.67E+00
09/03/2019 17:15,3.23E+01,2.33E+00
09/03/2019 17:30,3.50E+01,2.00E+00
09/03/2019 17:45,3.64E+01,2.60E+00
09/03/2019 18:00,3.76E+01,3.36E+00
09/03/2019 18:15,3.30E+01,1.67E+00
09/03/2019 18:30,2.61E+01,1.00E+00
09/03/2019 18:45,1.65E+01,1.00E+00
09/03/2019 19:00,6.89E+00,1.00E+00
09/03/2019 19:15,3.68E+00,1.00E+00
09/03/2019 19:30,2.67E+00,1.00E+00
09/03/2019 19:45,1.00E+00,1.00E+00
09/03/2019 20:00,0.00E+00,1.00E+00
09/03/2019 20:15,0.00E+00,1.00E+00
09/03/2019 20:30,0.00E+00,1.00E+00
09/03/2019 20:45,0.00E+00,1.00E+00
09/03/2019 21:00,0.00E+00,1.00E+00
09/03/2019 21:15,0.00E+00,1.00E+00
09/03/2019 21:30,0.00E+00,1.00E+00
09/03/2019 21:45,0.00E+00,1.00E+00
09/03/2019 22:00,0.00E+00,1.00E+00
09/03/2019 22:15,0.00E+00,1.00E+00
09/03/2019 22:30,0.00E+00,1.00E+00
09/03/2019 22:45,0.00E+00,1.00E+00
09/03/2019 23:00,0.00E+00,1.00E+00
09/03/2019 23:15,0.00E+00,1.00E+00
09/03/2019 23:30,0.00E+00,1.00E+00
09/03/2019 23:45,0.00E+00,1.00E+00
10/03/2019 00:00,0.00E+00,1.00E+00
10/03/2019 00:15,0.00E+00,1.00E+00
10/03/2019 00:30,0.00E+00,1.00E+00
10/03/2019 00:45,0.00E+00,1.00E+00
10/03/2019 01:00,0.00E+00,1.00E+00
10/03/2019 01:15,0.00E+00,1.00E+00
10/03/2019 01:30,0.00E+00,1.00E+00
10/03/2019 01:45,0.00E+00,1.00E+00
10/03/2019 02:00,0.00E+00,1.00E+00
10/03/2019 02:15,0.00E+00,1.00E+00
10/03/2019 02:30,0.00E+00,1.00E+00
10/03/2019 02:45,0.00E+00,1.00E+00
10/03/2019 03:00,0.00E+00,1.00E+00
10/03/2019 03:15,0.00E+00,1.00E+00
10/03/2019 03:30,0.00E+00,1.00E+00
10/03/2019 03:45,0.00E+00,1.00E+00
10/03/2019 04:00,0.00E+00,1.00E+00
10/03/2019 04:15,0.00E+00,1.00E+00
10/03/2019 04:30,0.00E+00,1.00E+00
10/03/2019 04:45,0.00E+00,1.00E+00
10/03/2019 05:00,0.00E+00,1.00E+00
10/03/2019 05:15,0.00E+00,1.00E+00
10/03/2019 05:30,0.00E+00,1.00E+00
10/03/2019 05:45,0.00E+00,1.00E+00
10/03/2019 06:00,0.00E+00,1.00E+00
10/03/2019 06:15,0.00E+00,1.00E+00
10/03/2019 06:30,0.00E+00,1.00E+00
10/03/2019 06:45,0.00E+00,1.00E+00
10/03/2019 07:00,0.00E+00,1.00E+00
10/03/2019 07:15,0.00E+00,1.00E+00
10/03/2019 07:30,0.00E+00,1.00E+00
10/03/2019 07:45,0.00E+00,1.00E+00
10/03/2019 08:00,0.00E+00,1.00E+00
10/03/2019 08:15,0.00E+00,1.00E+00
10/03/2019 08:30,0.00E+00,1.00E+00
10/03/2019 08:45,0.00E+00,1.00E+00
10/03/2019 09:00,0.00E+00,1.00E+00
10/03/2019 09:15,0.00E+00,1.00E+00
10/03/2019 09:30,0.00E+00,1.00E+00
10/03/2019 09:45,0.00E+00,1.00E+00
10/03/2019 10:00,0.00E+00,1.00E+00
10/03/2019 10:15,0.00E+00,1.00E+00
10/03/2019 10:30,0.00E+00,1.00E+00
10/03/2019 10:45,0.00E+00,1.00E+00
10/03/2019 11:00,0.00E+00,1.00E+00
10/03/2019 11:15,0.00E+00,1.00E+00
10/03/2019 11:30,0.00E+00,1.00E+00
10/03/2019 11:45,0.00E+00,1.00E+00
10/03/2019 12:00,0.00E+00,1.00E+00
10/03/2019 12:15,0.00E+00,1.00E+00
10/03/2019 12:30,0.00E+00,1.00E+00
10/03/2019 12:45,0.00E+00,1.00E+00
10/03/2019 13:00,6.37E-01,1.00E+00
10/03/2019 13:15,0.00E+00,1.00E+00
10/03/2019 13:30,0.00E+00,1.00E+00
10/03/2019 13:45,0.00E+00,1.00E+00
10/03/2019 14:00,0.00E+00,1.00E+00
10/03/2019 14:15,0.00E+00,1.00E+00
10/03/2019 14:30,0.00E+00,1.00E+00
10/03/2019 14:45,0.00E+00,1.00E+00
10/03/2019 15:00,0.00E+00,1.00E+00
10/03/2019 15:15,0.00E+00,1.00E+00
10/03/2019 15:30,0.00E+00,1.00E+00
10/03/2019 15:45,3.37E-01,1.00E+00
10/03/2019 16:00,0.00E+00,1.00E+00
10/03/2019 16:15,0.00E+00,1.00E+00
10/03/2019 16:30,0.00E+00,1.00E+00
10/03/2019 16:45,0.00E+00,1.00E+00
10/03/2019 17:00,0.00E+00,1.00E+00
10/03/2019 17:15,0.00E+00,1.00E+00
10/03/2019 17:30,0.00E+00,1.00E+00
10/03/2019 17:45,0.00E+00,1.00E+00
10/03/2019 18:00,0.00E+00,1.00E+00
10/03/2019 18:15,0.00E+00,1.00E+00
10/03/2019 18:30,5.00E-01,1.00E+00
10/03/2019 18:45,1.00E+00,1.00E+00
10/03/2019 19:00,3.74E-01,1.00E+00
10/03/2019 19:15,0.00E+00,1.00E+00
10/03/2019 19:30,0.00E+00,1.00E+00
10/03/2019 19:45,3.16E-01,1.00E+00
10/03/2019 20:00,3.49E-01,1.00E+00
10/03/2019 20:15,0.00E+00,1.00E+00
10/03/2019 20:30,0.00E+00,1.00E+00
10/03/2019 20:45,1.57E+00,1.00E+00
10/03/2019 21:00,3.33E-03,1.00E+00
10/03/2019 21:15,1.03E+00,1.00E+00
10/03/2019 21:30,6.64E-01,1.00E+00
10/03/2019 21:45,0.00E+00,1.00E+00
10/03/2019 22:00,0.00E+00,1.00E+00
10/03/2019 22:15,0.00E+00,1.00E+00
10/03/2019 22:30,0.00E+00,1.00E+00
10/03/2019 22:45,0.00E+00,1.00E+00
10/03/2019 23:00,0.00E+00,1.00E+00
10/03/2019 23:15,0.00E+00,1.00E+00
10/03/2019 23:30,0.00E+00,1.00E+00
10/03/2019 23:45,0.00E+00,1.00E+00
11/03/2019 00:00,NaN,1.00E+00
11/03/2019 00:15,0.00E+00,1.00E+00
11/03/2019 00:30,0.00E+00,1.00E+00
11/03/2019 00:45,0.00E+00,1.00E+00
11/03/2019 01:00,0.00E+00,1.00E+00
11/03/2019 01:15,0.00E+00,1.00E+00
11/03/2019 01:30,0.00E+00,1.00E+00
11/03/2019 01:45,0.00E+00,1.00E+00
11/03/2019 02:00,3.31E-01,1.00E+00
11/03/2019 02:15,3.33E-01,1.00E+00
11/03/2019 02:30,0.00E+00,1.00E+00
11/03/2019 02:45,0.00E+00,1.00E+00
11/03/2019 03:00,0.00E+00,1.00E+00
11/03/2019 03:15,0.00E+00,1.00E+00
11/03/2019 03:30,0.00E+00,1.00E+00
11/03/2019 03:45,0.00E+00,1.00E+00
11/03/2019 04:00,0.00E+00,1.00E+00
11/03/2019 04:15,0.00E+00,1.00E+00
11/03/2019 04:30,9.53E-01,1.00E+00
11/03/2019 04:45,0.00E+00,1.00E+00
11/03/2019 05:00,0.00E+00,1.00E+00
11/03/2019 05:15,0.00E+00,1.00E+00
11/03/2019 05:30,0.00E+00,1.00E+00
11/03/2019 05:45,0.00E+00,1.00E+00
11/03/2019 06:00,0.00E+00,1.00E+00
11/03/2019 06:15,0.00E+00,1.00E+00
11/03/2019 06:30,0.00E+00,1.00E+00
11/03/2019 06:45,0.00E+00,1.00E+00
11/03/2019 07:00,0.00E+00,1.00E+00
11/03/2019 07:15,0.00E+00,1.00E+00
11/03/2019 07:30,0.00E+00,1.00E+00
11/03/2019 07:45,0.00E+00,1.00E+00
11/03/2019 08:00,0.00E+00,1.00E+00
11/03/2019 08:15,0.00E+00,1.00E+00
11/03/2019 08:30,1.57E+00,1.00E+00
11/03/2019 08:45,2.33E+00,1.00E+00
11/03/2019 09:00,8.01E+00,1.00E+00
11/03/2019 09:15,1.52E+01,1.00E+00
11/03/2019 09:30,1.43E+01,1.00E+00
11/03/2019 09:45,1.57E+01,1.00E+00
11/03/2019 10:00,1.90E+01,1.32E+00
11/03/2019 10:15,3.58E+01,2.00E+00
11/03/2019 10:30,4.73E+01,2.00E+00
11/03/2019 10:45,4.51E+01,2.66E+00
11/03/2019 11:00,4.03E+01,2.00E+00
11/03/2019 11:15,5.10E+01,2.00E+00
11/03/2019 11:30,4.10E+01,2.00E+00
11/03/2019 11:45,4.90E+01,2.00E+00
11/03/2019 12:00,5.27E+01,1.34E+00
11/03/2019 12:15,5.84E+01,1.32E+00
11/03/2019 12:30,6.23E+01,2.98E+00
11/03/2019 12:45,7.46E+01,1.98E+00
11/03/2019 13:00,8.74E+01,1.67E+00
,,
,,
,,
,,
,,
