"Tempo","Qualidade do Ar sala V1.10"
"2022-02-06 18:00:00",20,33
"2022-02-06 19:00:00",20,24727272727273
"2022-02-06 20:00:00",20,069166666666668
"2022-02-06 21:00:00",19,915833333333335
"2022-02-06 22:00:00",19,78666666666667
"2022-02-06 23:00:00",19,719166666666666
"2022-02-07 00:00:00",19,576666666666664
"2022-02-07 01:00:00",19,394166666666667
"2022-02-07 02:00:00",19,217499999999998
"2022-02-07 03:00:00",19,098333333333333
"2022-02-07 04:00:00",18,95416666666667
"2022-02-07 05:00:00",18,764166666666664
"2022-02-07 06:00:00",18,603333333333335
"2022-02-07 07:00:00",18,465000000000003
"2022-02-07 08:00:00",18,4125
"2022-02-07 09:00:00",19,833333333333332
"2022-02-07 10:00:00",21,04583333333333
"2022-02-07 11:00:00",21,386666666666667
"2022-02-07 12:00:00",20,988333333333333
"2022-02-07 13:00:00",20,926666666666666
"2022-02-07 14:00:00",20,862499999999997
"2022-02-07 15:00:00",20,98166666666667
"2022-02-07 16:00:00",20,9025
"2022-02-07 17:00:00",20,885
"2022-02-07 18:00:00",21,522499999999997
"2022-02-07 19:00:00",22,45333333333333
"2022-02-07 20:00:00",22,4175
"2022-02-07 21:00:00",22,27916666666667
"2022-02-07 22:00:00",21,973333333333333
"2022-02-07 23:00:00",21,121666666666666
"2022-02-08 00:00:00",20,656666666666666
"2022-02-08 01:00:00",20,42083333333333
"2022-02-08 02:00:00",20,206666666666667
"2022-02-08 03:00:00",20,051666666666666
"2022-02-08 04:00:00",19,859166666666667
"2022-02-08 05:00:00",19,62333333333333
"2022-02-08 06:00:00",19,453333333333333
"2022-02-08 07:00:00",19,30416666666667
"2022-02-08 08:00:00",19,319999999999997
"2022-02-08 09:00:00",20,930000000000003
"2022-02-08 10:00:00",21,944999999999997
"2022-02-08 11:00:00",22,1975
"2022-02-08 12:00:00",21,732499999999998
"2022-02-08 13:00:00",21,635833333333334
"2022-02-08 14:00:00",21,678333333333327
"2022-02-08 15:00:00",21,7775
"2022-02-08 16:00:00",21,702500000000004
"2022-02-08 17:00:00",21,476666666666663
"2022-02-08 18:00:00",22,088333333333335
"2022-02-08 19:00:00",22,878333333333334
"2022-02-08 20:00:00",22,775833333333335
"2022-02-08 21:00:00",22,609166666666667
"2022-02-08 22:00:00",22,269166666666663
"2022-02-08 23:00:00",21,429166666666664
"2022-02-09 00:00:00",20,943333333333335
"2022-02-09 01:00:00",20,642500000000002
"2022-02-09 02:00:00",20,411666666666665
"2022-02-09 03:00:00",20,184166666666666
"2022-02-09 04:00:00",19,965
"2022-02-09 05:00:00",19,736666666666668
"2022-02-09 06:00:00",19,545833333333334
"2022-02-09 07:00:00",19,385
"2022-02-09 08:00:00",19,497500000000002
"2022-02-09 09:00:00",21,525833333333335
"2022-02-09 10:00:00",23,522500000000004
"2022-02-09 11:00:00",23,600833333333338
"2022-02-09 12:00:00",22,76
"2022-02-09 13:00:00",22,266666666666666
"2022-02-09 14:00:00",21,94
"2022-02-09 15:00:00",21,778333333333336
"2022-02-09 16:00:00",21,619166666666672
"2022-02-09 17:00:00",21,313333333333336
"2022-02-09 18:00:00",21,968333333333334
"2022-02-09 19:00:00",23,045
"2022-02-09 20:00:00",23,035833333333333
"2022-02-09 21:00:00",22,874166666666667
"2022-02-09 22:00:00",22,497500000000002
"2022-02-09 23:00:00",21,686666666666667
"2022-02-10 00:00:00",21,250833333333333
"2022-02-10 01:00:00",20,968333333333334
"2022-02-10 02:00:00",20,718333333333334
"2022-02-10 03:00:00",20,519166666666667
"2022-02-10 04:00:00",20,3025
"2022-02-10 05:00:00",20,105833333333333
"2022-02-10 06:00:00",19,869999999999997
"2022-02-10 07:00:00",19,663333333333338
"2022-02-10 08:00:00",19,610000000000003
"2022-02-10 09:00:00",19,837500000000002
"2022-02-10 10:00:00",20,113333333333333
"2022-02-10 11:00:00",21,242499999999996
"2022-02-10 12:00:00",21,869999999999994
"2022-02-10 13:00:00",22,037500000000005
"2022-02-10 14:00:00",22,016666666666666
"2022-02-10 15:00:00",22,05416666666667
"2022-02-10 16:00:00",22,003333333333334
"2022-02-10 17:00:00",21,4025
"2022-02-10 18:00:00",22,814166666666665
"2022-02-10 19:00:00",24,546666666666667
"2022-02-10 20:00:00",24,279166666666665
"2022-02-10 21:00:00",23,657500000000002
"2022-02-10 22:00:00",23,343333333333334
"2022-02-10 23:00:00",22,518333333333334
"2022-02-11 00:00:00",21,92916666666667
"2022-02-11 01:00:00",21,624166666666667
"2022-02-11 02:00:00",21,4225
"2022-02-11 03:00:00",21,24833333333333
"2022-02-11 04:00:00",21,083333333333332
"2022-02-11 05:00:00",20,930000000000003
"2022-02-11 06:00:00",20,83416666666666
"2022-02-11 07:00:00",20,759166666666662
"2022-02-11 08:00:00",21,208333333333332
"2022-02-11 09:00:00",22,903333333333336
"2022-02-11 10:00:00",23,99416666666667
"2022-02-11 11:00:00",24,087500000000002
"2022-02-11 12:00:00",24,002499999999998
"2022-02-11 13:00:00",23,507499999999997
"2022-02-11 14:00:00",23,21666666666667
"2022-02-11 15:00:00",23,454166666666666
"2022-02-11 16:00:00",24,723333333333333
"2022-02-11 17:00:00",24,540833333333335
"2022-02-11 18:00:00",23,5625
"2022-02-11 19:00:00",23,886666666666667
"2022-02-11 20:00:00",23,71416666666667
"2022-02-11 21:00:00",23,509166666666662
"2022-02-11 22:00:00",23,19333333333334
"2022-02-11 23:00:00",22,4025
"2022-02-12 00:00:00",21,980833333333337
"2022-02-12 01:00:00",21,761666666666667
"2022-02-12 02:00:00",21,535833333333333
"2022-02-12 03:00:00",21,280833333333334
"2022-02-12 04:00:00",21,125
"2022-02-12 05:00:00",20,995833333333334
"2022-02-12 06:00:00",20,6975
"2022-02-12 07:00:00",20,540833333333335
"2022-02-12 08:00:00",20,8725
"2022-02-12 09:00:00",21,645833333333332
"2022-02-12 10:00:00",21,885833333333327
"2022-02-12 11:00:00",22,067500000000006
"2022-02-12 12:00:00",22,3175
"2022-02-12 13:00:00",22,391666666666666
"2022-02-12 14:00:00",22,5
"2022-02-12 15:00:00",22,550833333333333
"2022-02-12 16:00:00",22,315833333333334
"2022-02-12 17:00:00",22,048333333333332
"2022-02-12 18:00:00",21,788333333333338
"2022-02-12 19:00:00",21,539166666666663
"2022-02-12 20:00:00",21,31416666666667
"2022-02-12 21:00:00",21,03916666666667
"2022-02-12 22:00:00",20,7625
"2022-02-12 23:00:00",20,340833333333336
"2022-02-13 00:00:00",20,110833333333332
"2022-02-13 01:00:00",19,95666666666667
"2022-02-13 02:00:00",19,800833333333333
"2022-02-13 03:00:00",19,685833333333335
"2022-02-13 04:00:00",19,521666666666665
"2022-02-13 05:00:00",19,295454545454547
"2022-02-13 06:00:00",19,181666666666665
"2022-02-13 07:00:00",19,235
"2022-02-13 08:00:00",19,60181818181818
"2022-02-13 09:00:00",21,58083333333333
"2022-02-13 10:00:00",21,863333333333333
"2022-02-13 11:00:00",21,59181818181818
"2022-02-13 12:00:00",21,34833333333334
"2022-02-13 13:00:00",21,119999999999997
"2022-02-13 14:00:00",21,164166666666667
"2022-02-13 15:00:00",21,232499999999998
"2022-02-13 16:00:00",21,129999999999995
"2022-02-13 17:00:00",20,968333333333337
"2022-02-13 18:00:00",20,757500000000004
"2022-02-13 19:00:00",20,603333333333335
"2022-02-13 20:00:00",20,540833333333335
"2022-02-13 21:00:00",20,40083333333333
"2022-02-13 22:00:00",20,26
"2022-02-13 23:00:00",19,83916666666667
"2022-02-14 00:00:00",19,5425
"2022-02-14 01:00:00",19,38666666666667
"2022-02-14 02:00:00",19,233333333333334
"2022-02-14 03:00:00",19,075833333333332
"2022-02-14 04:00:00",18,96
"2022-02-14 05:00:00",18,919999999999998
"2022-02-14 06:00:00",18,96
"2022-02-14 07:00:00",18,839166666666667
"2022-02-14 08:00:00",19,168333333333333
"2022-02-14 09:00:00",20,6125
"2022-02-14 10:00:00",21,522500000000004
"2022-02-14 11:00:00",21,264999999999997
"2022-02-14 12:00:00",20,735
"2022-02-14 13:00:00",21,0675
"2022-02-14 14:00:00",21,755
"2022-02-14 15:00:00",21,351666666666663
"2022-02-14 16:00:00",21,654999999999998
"2022-02-14 17:00:00",21,98
"2022-02-14 18:00:00",21,546666666666667
"2022-02-14 19:00:00",21,930833333333336
"2022-02-14 20:00:00",21,719166666666666
"2022-02-14 21:00:00",21,479166666666668
"2022-02-14 22:00:00",21,09583333333333
"2022-02-14 23:00:00",20,25
"2022-02-15 00:00:00",19,765
"2022-02-15 01:00:00",19,4325
"2022-02-15 02:00:00",19,2075
"2022-02-15 03:00:00",18,995
"2022-02-15 04:00:00",18,74083333333333
"2022-02-15 05:00:00",18,5225
"2022-02-15 06:00:00",18,49416666666667
"2022-02-15 07:00:00",18,418333333333337
"2022-02-15 08:00:00",18,945833333333333
"2022-02-15 09:00:00",21,647499999999997
"2022-02-15 10:00:00",23,11333333333333
"2022-02-15 11:00:00",22,743333333333336
"2022-02-15 12:00:00",21,855
"2022-02-15 13:00:00",22,1875
"2022-02-15 14:00:00",22,55666666666666
"2022-02-15 15:00:00",22,54583333333333
"2022-02-15 16:00:00",21,6725
"2022-02-15 17:00:00",21,029999999999998
"2022-02-15 18:00:00",21,790000000000003
"2022-02-15 19:00:00",23,03916666666667
"2022-02-15 20:00:00",22,9075
"2022-02-15 21:00:00",22,335833333333337
"2022-02-15 22:00:00",21,74333333333333
"2022-02-15 23:00:00",20,84
"2022-02-16 00:00:00",20,341666666666665
"2022-02-16 01:00:00",20,01333333333334
"2022-02-16 02:00:00",19,78083333333333
"2022-02-16 03:00:00",19,605
"2022-02-16 04:00:00",19,46833333333333
"2022-02-16 05:00:00",19,310833333333335
"2022-02-16 06:00:00",19,229166666666668
"2022-02-16 07:00:00",19,2575
"2022-02-16 08:00:00",19,7775
"2022-02-16 09:00:00",21,30166666666667
"2022-02-16 10:00:00",21,8225
"2022-02-16 11:00:00",21,520833333333332
"2022-02-16 12:00:00",21,1
"2022-02-16 13:00:00",21,041666666666668
"2022-02-16 14:00:00",21,086666666666666
"2022-02-16 15:00:00",21,19
"2022-02-16 16:00:00",20,996666666666666
"2022-02-16 17:00:00",20,941666666666666
"2022-02-16 18:00:00",21,575833333333335
"2022-02-16 19:00:00",22,59166666666667
"2022-02-16 20:00:00",22,584999999999997
"2022-02-16 21:00:00",22,520833333333332
"2022-02-16 22:00:00",22,337499999999995
"2022-02-16 23:00:00",21,5325
"2022-02-17 00:00:00",21,135
"2022-02-17 01:00:00",20,978333333333335
"2022-02-17 02:00:00",20,85833333333333
"2022-02-17 03:00:00",20,775
"2022-02-17 04:00:00",20,720833333333335
"2022-02-17 05:00:00",20,658333333333335
"2022-02-17 06:00:00",20,631666666666664
"2022-02-17 07:00:00",20,58083333333333
"2022-02-17 08:00:00",20,83666666666667
"2022-02-17 09:00:00",22,075
"2022-02-17 10:00:00",21,925
"2022-02-17 11:00:00",22,21333333333334
"2022-02-17 12:00:00",21,836666666666662
"2022-02-17 13:00:00",21,992499999999996
"2022-02-17 14:00:00",21,962500000000002
"2022-02-17 15:00:00",21,912499999999998
"2022-02-17 16:00:00",21,730833333333333
"2022-02-17 17:00:00",21,35416666666666
"2022-02-17 18:00:00",21,848333333333333
"2022-02-17 19:00:00",22,6875
"2022-02-17 20:00:00",22,554166666666664
"2022-02-17 21:00:00",22,383333333333336
"2022-02-17 22:00:00",22,102500000000003
"2022-02-17 23:00:00",21,46416666666667
"2022-02-18 00:00:00",21,141666666666666
"2022-02-18 01:00:00",20,98416666666667
"2022-02-18 02:00:00",20,903333333333332
"2022-02-18 03:00:00",20,780833333333334
"2022-02-18 04:00:00",20,6775
"2022-02-18 05:00:00",20,6225
"2022-02-18 06:00:00",20,591666666666672
"2022-02-18 07:00:00",20,569166666666664
"2022-02-18 08:00:00",20,717500000000005
"2022-02-18 09:00:00",21,8175
"2022-02-18 10:00:00",21,6075
"2022-02-18 11:00:00",21,62833333333333
"2022-02-18 12:00:00",21,411666666666665
"2022-02-18 13:00:00",21,489999999999995
"2022-02-18 14:00:00",21,6125
"2022-02-18 15:00:00",21,712500000000002
"2022-02-18 16:00:00",21,653333333333336
"2022-02-18 17:00:00",21,216666666666665
"2022-02-18 18:00:00",21,238333333333333
"2022-02-18 19:00:00",21,900833333333335
"2022-02-18 20:00:00",21,840833333333332
"2022-02-18 21:00:00",21,694166666666664
"2022-02-18 22:00:00",21,356666666666666
"2022-02-18 23:00:00",20,70416666666667
"2022-02-19 00:00:00",20,305833333333336
"2022-02-19 01:00:00",20,105833333333333
"2022-02-19 02:00:00",19,92916666666667
"2022-02-19 03:00:00",19,705
"2022-02-19 04:00:00",19,49083333333333
"2022-02-19 05:00:00",19,284166666666668
"2022-02-19 06:00:00",19,125833333333336
"2022-02-19 07:00:00",19,00666666666667
"2022-02-19 08:00:00",19,900000000000002
"2022-02-19 09:00:00",22,296666666666667
"2022-02-19 10:00:00",23,436666666666667
"2022-02-19 11:00:00",23,060000000000002
"2022-02-19 12:00:00",22,011666666666667
"2022-02-19 13:00:00",21,534166666666668
"2022-02-19 14:00:00",21,325
"2022-02-19 15:00:00",21,025000000000002
"2022-02-19 16:00:00",20,789999999999996
"2022-02-19 17:00:00",20,5575
"2022-02-19 18:00:00",20,245
"2022-02-19 19:00:00",20,004166666666666
"2022-02-19 20:00:00",19,838333333333335
"2022-02-19 21:00:00",19,65416666666667
"2022-02-19 22:00:00",19,486666666666668
"2022-02-19 23:00:00",19,40666666666667
"2022-02-20 00:00:00",19,255833333333335
"2022-02-20 01:00:00",19,150000000000002
"2022-02-20 02:00:00",19,06
"2022-02-20 03:00:00",18,968333333333334
"2022-02-20 04:00:00",18,9075
"2022-02-20 05:00:00",18,823333333333334
"2022-02-20 06:00:00",18,71916666666667
"2022-02-20 07:00:00",18,646666666666665
"2022-02-20 08:00:00",19,304166666666664
"2022-02-20 09:00:00",21,626666666666665
"2022-02-20 10:00:00",22,71166666666667
"2022-02-20 11:00:00",22,397499999999997
"2022-02-20 12:00:00",21,561666666666667
"2022-02-20 13:00:00",21,18583333333333
"2022-02-20 14:00:00",21,145833333333332
"2022-02-20 15:00:00",21,008333333333336
"2022-02-20 16:00:00",20,933333333333334
"2022-02-20 17:00:00",20,890833333333333
"2022-02-20 18:00:00",20,698333333333334
"2022-02-20 19:00:00",20,401666666666667
"2022-02-20 20:00:00",20,201666666666668
"2022-02-20 21:00:00",20,049166666666665
"2022-02-20 22:00:00",19,94083333333333
"2022-02-20 23:00:00",19,88
"2022-02-21 00:00:00",19,7325
"2022-02-21 01:00:00",19,653333333333336
"2022-02-21 02:00:00",19,58916666666667
"2022-02-21 03:00:00",19,49833333333333
"2022-02-21 04:00:00",19,438333333333333
"2022-02-21 05:00:00",19,340833333333332
"2022-02-21 06:00:00",19,291666666666668
"2022-02-21 07:00:00",19,285
"2022-02-21 08:00:00",19,835833333333333
"2022-02-21 09:00:00",21,882499999999997
"2022-02-21 10:00:00",22,867499999999996
"2022-02-21 11:00:00",22,75583333333333
"2022-02-21 12:00:00",21,92583333333333
"2022-02-21 13:00:00",21,625833333333333
"2022-02-21 14:00:00",21,374166666666667
"2022-02-21 15:00:00",21,21333333333333
"2022-02-21 16:00:00",21,03333333333333
"2022-02-21 17:00:00",21,035000000000004
"2022-02-21 18:00:00",21,750833333333333
"2022-02-21 19:00:00",22,486666666666665
"2022-02-21 20:00:00",22,340833333333336
"2022-02-21 21:00:00",22,168333333333333
"2022-02-21 22:00:00",21,887500000000003
"2022-02-21 23:00:00",21,210833333333333
"2022-02-22 00:00:00",20,822499999999994
"2022-02-22 01:00:00",20,605
"2022-02-22 02:00:00",20,41
"2022-02-22 03:00:00",20,195833333333333
"2022-02-22 04:00:00",20,015
"2022-02-22 05:00:00",19,848333333333333
"2022-02-22 06:00:00",19,62666666666667
"2022-02-22 07:00:00",19,513333333333332
"2022-02-22 08:00:00",20,253333333333334
"2022-02-22 09:00:00",22,436666666666667
"2022-02-22 10:00:00",23,362499999999997
"2022-02-22 11:00:00",23,150833333333335
"2022-02-22 12:00:00",22,9525
"2022-02-22 13:00:00",22,74416666666667
"2022-02-22 14:00:00",22,894166666666663
"2022-02-22 15:00:00",23,16153846153846
"2022-02-22 16:00:00",23,554166666666664
"2022-02-25 14:00:00",22,50166666666667
"2022-02-25 15:00:00",23,564999999999998
"2022-02-25 16:00:00",22,8125
"2022-02-25 17:00:00",22,33083333333333
"2022-02-25 18:00:00",22,895833333333332
"2022-02-25 19:00:00",23,723333333333333
"2022-02-25 20:00:00",23,465
"2022-02-25 21:00:00",23,141666666666666
"2022-02-25 22:00:00",22,734166666666667
"2022-02-25 23:00:00",22,007499999999997
"2022-02-26 00:00:00",21,573333333333334
"2022-02-26 01:00:00",21,31833333333333
"2022-02-26 02:00:00",21,07833333333333
"2022-02-26 03:00:00",20,899166666666662
"2022-02-26 04:00:00",20,7625
"2022-02-26 05:00:00",20,637500000000003
"2022-02-26 06:00:00",20,513333333333332
"2022-02-26 07:00:00",20,45
"2022-02-26 08:00:00",21,325
"2022-02-26 09:00:00",22,825000000000003
"2022-02-26 10:00:00",23,455000000000002
"2022-02-26 11:00:00",24,305000000000003
"2022-02-26 12:00:00",23,825000000000003
"2022-02-26 13:00:00",23,33416666666666
"2022-02-26 14:00:00",22,948333333333334
"2022-02-26 15:00:00",22,91
"2022-02-26 16:00:00",22,798333333333332
"2022-02-26 17:00:00",22,53833333333333
"2022-02-26 18:00:00",22,17
"2022-02-26 19:00:00",21,756666666666664
"2022-02-26 20:00:00",21,47
"2022-02-26 21:00:00",21,283333333333335
"2022-02-26 22:00:00",21,18166666666667
"2022-02-26 23:00:00",21,188333333333333
"2022-02-27 00:00:00",21,084166666666665
"2022-02-27 01:00:00",20,982500000000005
"2022-02-27 02:00:00",20,839166666666667
"2022-02-27 03:00:00",20,764166666666664
"2022-02-27 04:00:00",20,7125
"2022-02-27 05:00:00",20,657500000000002
"2022-02-27 06:00:00",20,526666666666667
"2022-02-27 07:00:00",20,457500000000003
"2022-02-27 08:00:00",21,13416666666667
"2022-02-27 09:00:00",23,5175
"2022-02-27 10:00:00",24,768333333333334
"2022-02-27 11:00:00",24,6225
"2022-02-27 12:00:00",23,666666666666668
"2022-02-27 13:00:00",23,105
"2022-02-27 14:00:00",22,835000000000004
"2022-02-27 15:00:00",22,710833333333337
"2022-02-27 16:00:00",22,559166666666666
"2022-02-27 17:00:00",21,979166666666668
"2022-02-27 18:00:00",21,540000000000003
"2022-02-27 19:00:00",21,219166666666666
"2022-02-27 20:00:00",20,998333333333335
"2022-02-27 21:00:00",20,79166666666666
"2022-02-27 22:00:00",20,7
"2022-02-27 23:00:00",20,79
"2022-02-28 00:00:00",20,750833333333333
"2022-02-28 01:00:00",20,643333333333338
"2022-02-28 02:00:00",20,519166666666667
"2022-02-28 03:00:00",20,407500000000002
"2022-02-28 04:00:00",20,276666666666667
"2022-02-28 05:00:00",20,14833333333333
"2022-02-28 06:00:00",20,045
"2022-02-28 07:00:00",19,990833333333338
"2022-02-28 08:00:00",20,651666666666667
"2022-02-28 09:00:00",22,835833333333337
"2022-02-28 10:00:00",23,73
"2022-02-28 11:00:00",23,625833333333336
"2022-02-28 12:00:00",22,905833333333334
"2022-02-28 13:00:00",22,512500000000003
"2022-02-28 14:00:00",22,2175
"2022-02-28 15:00:00",21,860833333333332
"2022-02-28 16:00:00",21,7775
"2022-02-28 17:00:00",21,652500000000003
"2022-02-28 18:00:00",22,4575
"2022-02-28 19:00:00",23,4075
"2022-02-28 20:00:00",23,259166666666662
"2022-02-28 21:00:00",22,997500000000002
"2022-02-28 22:00:00",22,666666666666668
"2022-02-28 23:00:00",21,982499999999998
"2022-03-01 00:00:00",21,646666666666665
"2022-03-01 01:00:00",21,42833333333333
"2022-03-01 02:00:00",21,260833333333334
"2022-03-01 03:00:00",21,093333333333334
"2022-03-01 04:00:00",20,973333333333336
"2022-03-01 05:00:00",20,897500000000004
"2022-03-01 06:00:00",20,80083333333333
"2022-03-01 07:00:00",20,796666666666663
"2022-03-01 08:00:00",20,864999999999995
"2022-03-01 09:00:00",21,53333333333333
"2022-03-01 10:00:00",22,151666666666667
"2022-03-01 11:00:00",22,833333333333332
"2022-03-01 12:00:00",22,746666666666666
"2022-03-01 13:00:00",22,63166666666667
"2022-03-01 14:00:00",22,458333333333332
"2022-03-01 15:00:00",22,19666666666667
"2022-03-01 16:00:00",22,062499999999996
"2022-03-01 17:00:00",21,82916666666667
"2022-03-01 18:00:00",22,245
"2022-03-01 19:00:00",23,08083333333333
"2022-03-01 20:00:00",23,19909090909091
"2022-03-01 21:00:00",23,075833333333335
"2022-03-01 22:00:00",22,80666666666666
"2022-03-01 23:00:00",22,161666666666665
"2022-03-02 00:00:00",21,799166666666668
"2022-03-02 01:00:00",21,580833333333334
"2022-03-02 02:00:00",21,4225
"2022-03-02 03:00:00",21,235
"2022-03-02 04:00:00",21,06083333333333
"2022-03-02 05:00:00",20,919166666666666
"2022-03-02 06:00:00",20,83333333333334
"2022-03-02 07:00:00",20,819166666666664
"2022-03-02 08:00:00",21,549999999999997
"2022-03-02 09:00:00",23,900833333333335
"2022-03-02 10:00:00",24,765833333333333
"2022-03-02 11:00:00",24,316666666666666
"2022-03-02 12:00:00",23,575
"2022-03-02 13:00:00",23,37
"2022-03-02 14:00:00",23,079166666666666
"2022-03-02 15:00:00",22,605
"2022-03-02 16:00:00",22,27
"2022-03-02 17:00:00",22,13333333333333
"2022-03-02 18:00:00",22,4225
"2022-03-02 19:00:00",23,105833333333333
"2022-03-02 20:00:00",23,041666666666668
"2022-03-02 21:00:00",22,901666666666667
"2022-03-02 22:00:00",22,62333333333333
"2022-03-02 23:00:00",22,081666666666667
"2022-03-03 00:00:00",21,745
"2022-03-03 01:00:00",21,6125
"2022-03-03 02:00:00",21,560000000000002
"2022-03-03 03:00:00",21,538333333333338
"2022-03-03 04:00:00",21,564166666666665
"2022-03-03 05:00:00",21,551666666666666
"2022-03-03 06:00:00",21,577499999999997
"2022-03-03 07:00:00",21,565833333333334
"2022-03-03 08:00:00",21,478333333333335
"2022-03-03 09:00:00",21,25583333333333
"2022-03-03 10:00:00",21,411666666666665
"2022-03-03 11:00:00",22,325833333333332
"2022-03-03 12:00:00",22,138333333333332
"2022-03-03 13:00:00",22,04583333333333
"2022-03-03 14:00:00",21,698333333333334
"2022-03-03 15:00:00",21,46083333333333
"2022-03-03 16:00:00",21,241666666666667
"2022-03-03 17:00:00",20,98916666666667
"2022-03-03 18:00:00",21,558333333333334
"2022-03-03 19:00:00",22,395833333333332
"2022-03-03 20:00:00",22,27916666666667
"2022-03-03 21:00:00",22,010833333333334
"2022-03-03 22:00:00",21,650000000000002
"2022-03-03 23:00:00",20,959166666666665
"2022-03-04 00:00:00",20,582500000000003
"2022-03-04 01:00:00",20,371666666666666
"2022-03-04 02:00:00",20,195833333333333
"2022-03-04 03:00:00",20,091666666666665
"2022-03-04 04:00:00",19,9575
"2022-03-04 05:00:00",19,811666666666667
"2022-03-04 06:00:00",19,753333333333334
"2022-03-04 07:00:00",19,805
"2022-03-04 08:00:00",20,2575
"2022-03-04 09:00:00",22,826666666666664
"2022-03-04 10:00:00",23,89
"2022-03-04 11:00:00",23,450833333333335
"2022-03-04 12:00:00",22,175
"2022-03-04 13:00:00",21,629166666666663
"2022-03-04 14:00:00",21,308333333333334
"2022-03-04 15:00:00",20,994166666666665
"2022-03-04 16:00:00",20,808461538461543
"2022-03-04 17:00:00",20,508181818181814
"2022-03-04 18:00:00",20,99769230769231
"2022-03-04 19:00:00",21,63818181818182
"2022-03-04 20:00:00",21,451666666666664
"2022-03-04 21:00:00",21,240833333333338
"2022-03-04 22:00:00",20,953333333333333
"2022-03-04 23:00:00",20,375
"2022-03-05 00:00:00",20,070769230769233
"2022-03-05 01:00:00",19,903333333333332
"2022-03-05 02:00:00",19,7775
"2022-03-05 03:00:00",19,648333333333337
"2022-03-05 04:00:00",19,57833333333333
"2022-03-05 05:00:00",19,535833333333333
"2022-03-05 06:00:00",19,461666666666666
"2022-03-05 07:00:00",19,464166666666667
"2022-03-05 08:00:00",20,237499999999997
"2022-03-05 09:00:00",21,24416666666667
"2022-03-05 10:00:00",21,633333333333336
"2022-03-05 11:00:00",21,565833333333334
"2022-03-05 12:00:00",21,537499999999998
"2022-03-05 13:00:00",21,62166666666667
"2022-03-05 14:00:00",21,25
"2022-03-05 15:00:00",20,87666666666667
"2022-03-05 16:00:00",20,607500000000005
"2022-03-05 17:00:00",20,327499999999997
"2022-03-05 18:00:00",20,140833333333333
"2022-03-05 19:00:00",19,971666666666668
"2022-03-05 20:00:00",19,80833333333333
"2022-03-05 21:00:00",19,596666666666668
"2022-03-05 22:00:00",19,462500000000002
"2022-03-05 23:00:00",19,4775
"2022-03-06 00:00:00",19,395
"2022-03-06 01:00:00",19,275833333333335
"2022-03-06 02:00:00",19,174166666666665
"2022-03-06 03:00:00",19,055833333333332
"2022-03-06 04:00:00",18,967499999999998
"2022-03-06 05:00:00",18,86333333333333
"2022-03-06 06:00:00",18,77583333333333
"2022-03-06 07:00:00",18,771666666666665
"2022-03-06 08:00:00",19,95
"2022-03-06 09:00:00",22,75916666666667
"2022-03-06 10:00:00",23,674999999999997
"2022-03-06 11:00:00",23,11583333333333
"2022-03-06 12:00:00",22,041666666666668
"2022-03-06 13:00:00",21,441666666666663
"2022-03-06 14:00:00",21,104166666666668
"2022-03-06 15:00:00",20,8725
"2022-03-06 16:00:00",20,555000000000003
"2022-03-06 17:00:00",20,29583333333333
"2022-03-06 18:00:00",19,995833333333334
"2022-03-06 19:00:00",19,699166666666667
"2022-03-06 20:00:00",19,484999999999996
"2022-03-06 21:00:00",19,298333333333336
"2022-03-06 22:00:00",19,210833333333333
"2022-03-06 23:00:00",19,22833333333333
"2022-03-07 00:00:00",19,12333333333333
"2022-03-07 01:00:00",19,03
"2022-03-07 02:00:00",18,910833333333333
"2022-03-07 03:00:00",18,797499999999996
"2022-03-07 04:00:00",18,69666666666667
"2022-03-07 05:00:00",18,62833333333333
"2022-03-07 06:00:00",18,578333333333333
"2022-03-07 07:00:00",18,636666666666667
"2022-03-07 08:00:00",19,885
"2022-03-07 09:00:00",22,00583333333334
"2022-03-07 10:00:00",22,344166666666666
"2022-03-07 11:00:00",21,893333333333334
"2022-03-07 12:00:00",21,262500000000003
"2022-03-07 13:00:00",21,033333333333335
"2022-03-07 14:00:00",20,814166666666665
"2022-03-07 15:00:00",22,18583333333333
"2022-03-07 16:00:00",25,512500000000003
"2022-03-07 17:00:00",24,605
"2022-03-07 18:00:00",22,090000000000003
"2022-03-07 19:00:00",21,48833333333333
"2022-03-07 20:00:00",21,205
"2022-03-07 21:00:00",21,048333333333332
"2022-03-07 22:00:00",20,848333333333333
"2022-03-07 23:00:00",20,518333333333334
"2022-03-08 00:00:00",20,305000000000003
"2022-03-08 01:00:00",20,145833333333332
"2022-03-08 02:00:00",19,976666666666667
"2022-03-08 03:00:00",19,826666666666664
"2022-03-08 04:00:00",19,665833333333335
"2022-03-08 05:00:00",19,503333333333334
"2022-03-08 06:00:00",19,416666666666668
"2022-03-08 07:00:00",19,386666666666667
"2022-03-08 08:00:00",20,34
"2022-03-08 09:00:00",22,912499999999998
"2022-03-08 10:00:00",22,987499999999997
"2022-03-08 11:00:00",22,189166666666665
"2022-03-08 12:00:00",24,741666666666664
"2022-03-08 13:00:00",24,984999999999996
"2022-03-08 14:00:00",23,84583333333333
"2022-03-08 15:00:00",24,092499999999998
"2022-03-08 16:00:00",23,787499999999998
"2022-03-08 17:00:00",24,187500000000004
"2022-03-08 18:00:00",24,118333333333336
"2022-03-08 19:00:00",23,731666666666666
"2022-03-08 20:00:00",21,983333333333334
"2022-03-08 21:00:00",21,294166666666666
"2022-03-08 22:00:00",21,060000000000002
"2022-03-08 23:00:00",21,087500000000002
"2022-03-09 00:00:00",20,992500000000003
"2022-03-09 01:00:00",20,89916666666667
"2022-03-09 02:00:00",20,780833333333334
"2022-03-09 03:00:00",20,691666666666666
"2022-03-09 04:00:00",20,59416666666667
"2022-03-09 05:00:00",20,551666666666666
"2022-03-09 06:00:00",20,485833333333332
"2022-03-09 07:00:00",20,473333333333333
"2022-03-09 08:00:00",21,311666666666667
"2022-03-09 09:00:00",22,351666666666663
"2022-03-09 10:00:00",22,165000000000003
"2022-03-09 11:00:00",22,1925